region,offset_start,offset_end,entropy,zero_ratio,ff_ratio,comp_sig_count,comp_lz77,comp_huffman,comp_rle,ptr_target_count,ptr_ref_sum,string_count,string_bytes,repeated_block_count,arm_bl_target_count,thumb_bl_target_count,classification,confidence
0,0x0,0x3fff,6.5563,0.1148,0.0160,359,101,173,85,684,2804,113,583,20,98,114,table_pointeurs_probable,85
1,0x4000,0x7fff,6.5483,0.0972,0.0067,307,75,146,86,461,1468,173,837,32,90,91,table_pointeurs_probable,69
2,0x8000,0xbfff,6.3630,0.1295,0.0177,307,37,198,72,371,1162,98,470,1,106,155,table_pointeurs_probable,63
3,0xc000,0xffff,6.5826,0.1081,0.0109,258,42,161,55,405,796,112,539,4,85,101,table_pointeurs_probable,56
4,0x10000,0x13fff,6.6047,0.0864,0.0089,244,20,128,96,259,455,187,977,14,96,18,table_pointeurs_probable,49
5,0x14000,0x17fff,6.4312,0.0826,0.0159,277,32,163,82,176,503,187,960,19,85,32,table_pointeurs_probable,50
6,0x18000,0x1bfff,6.4545,0.0834,0.0154,280,14,176,90,204,437,197,1102,28,83,31,table_pointeurs_probable,49
7,0x1c000,0x1ffff,6.3929,0.0807,0.0649,272,13,189,70,451,1268,206,1092,68,95,23,table_pointeurs_probable,65
8,0x20000,0x23fff,6.4380,0.0864,0.0079,290,46,134,110,391,852,254,1387,6,94,12,table_pointeurs_probable,57
9,0x24000,0x27fff,6.4161,0.0848,0.0072,329,28,204,97,147,241,212,1128,12,76,13,table_pointeurs_probable,45
10,0x28000,0x2bfff,6.3745,0.0825,0.0138,316,48,168,100,131,232,267,1397,35,94,10,zone_compressee_possible,30
11,0x2c000,0x2ffff,6.3975,0.0878,0.0206,322,44,209,69,281,511,209,1049,42,88,8,table_pointeurs_probable,50
12,0x30000,0x33fff,6.4337,0.0717,0.0046,288,35,213,40,428,819,262,1170,56,104,23,table_pointeurs_probable,56
13,0x34000,0x37fff,6.4152,0.0784,0.0075,275,37,191,47,199,250,288,1309,27,93,44,table_pointeurs_probable,45
14,0x38000,0x3bfff,6.4079,0.0928,0.0105,286,26,201,59,183,206,280,1326,69,105,18,zone_compressee_possible,30
15,0x3c000,0x3ffff,6.5009,0.0964,0.0273,250,41,129,80,351,1060,211,961,61,85,45,table_pointeurs_probable,61
16,0x40000,0x43fff,6.5845,0.0946,0.0082,292,46,196,50,450,1185,199,953,7,93,64,table_pointeurs_probable,64
17,0x44000,0x47fff,6.5979,0.0965,0.0149,235,38,137,60,134,402,167,804,3,88,101,table_pointeurs_probable,48
18,0x48000,0x4bfff,6.6233,0.0976,0.0082,269,39,148,82,113,253,155,728,11,102,49,table_pointeurs_probable,45
19,0x4c000,0x4ffff,6.6043,0.0977,0.0102,388,21,155,212,251,370,161,771,19,74,87,table_pointeurs_probable,47
20,0x50000,0x53fff,6.4358,0.0820,0.0078,342,17,124,201,415,1237,115,525,136,89,31,table_pointeurs_probable,65
21,0x54000,0x57fff,6.4202,0.1204,0.0198,311,31,220,60,222,658,67,314,12,82,174,table_pointeurs_probable,53
22,0x58000,0x5bfff,6.1707,0.1380,0.0123,483,41,393,49,141,256,76,356,34,107,254,table_pointeurs_probable,45
23,0x5c000,0x5ffff,6.4323,0.1096,0.0168,280,52,156,72,236,513,112,531,15,90,148,table_pointeurs_probable,50
24,0x60000,0x63fff,6.1434,0.0959,0.0103,555,75,397,83,515,1168,89,390,124,107,59,table_pointeurs_probable,63
25,0x64000,0x67fff,5.8187,0.1066,0.0214,882,91,611,180,332,675,100,463,207,78,189,table_pointeurs_probable,53
26,0x68000,0x6bfff,6.2886,0.1122,0.0213,502,67,343,92,247,443,72,343,32,124,129,table_pointeurs_probable,49
27,0x6c000,0x6ffff,6.2779,0.1307,0.0165,346,37,270,39,279,1239,59,267,12,98,106,table_pointeurs_probable,65
28,0x70000,0x73fff,6.4413,0.1096,0.0140,306,40,208,58,349,1773,142,684,7,107,107,table_pointeurs_probable,75
29,0x74000,0x77fff,6.4837,0.1071,0.0134,322,78,177,67,167,1629,122,572,13,95,99,table_pointeurs_probable,72
30,0x78000,0x7bfff,6.4870,0.1209,0.0100,340,57,188,95,201,302,79,357,8,122,82,table_pointeurs_probable,46
31,0x7c000,0x7ffff,6.3937,0.1235,0.0243,304,43,178,83,213,293,44,195,29,107,90,table_pointeurs_probable,46
32,0x80000,0x83fff,6.3672,0.1182,0.0171,357,58,206,93,401,1621,57,252,7,134,100,table_pointeurs_probable,72
33,0x84000,0x87fff,6.5012,0.0955,0.0073,444,66,230,148,183,232,127,600,29,122,33,zone_compressee_possible,30
34,0x88000,0x8bfff,6.5462,0.1125,0.0100,345,59,217,69,152,233,88,418,9,110,101,zone_compressee_possible,30
35,0x8c000,0x8ffff,6.3880,0.1086,0.0125,305,9,212,84,259,334,48,232,7,98,66,table_pointeurs_probable,47
36,0x90000,0x93fff,6.3464,0.1313,0.0052,275,34,193,48,288,982,110,558,2,120,109,table_pointeurs_probable,59
37,0x94000,0x97fff,6.4143,0.1203,0.0087,357,35,284,38,80,153,133,630,12,108,134,zone_compressee_possible,30
38,0x98000,0x9bfff,6.5800,0.1089,0.0126,271,53,167,51,123,697,75,349,7,108,99,table_pointeurs_probable,54
39,0x9c000,0x9ffff,6.4510,0.1216,0.0126,341,48,214,79,138,202,80,400,11,106,121,zone_compressee_possible,30
40,0xa0000,0xa3fff,6.5662,0.0948,0.0145,294,74,115,105,436,1979,117,564,16,124,60,table_pointeurs_probable,79
41,0xa4000,0xa7fff,6.5321,0.0938,0.0080,366,67,172,127,143,280,129,589,5,126,6,table_pointeurs_probable,45
42,0xa8000,0xabfff,6.5718,0.0979,0.0078,362,84,162,116,134,274,139,640,18,115,10,table_pointeurs_probable,45
43,0xac000,0xaffff,6.6020,0.0921,0.0075,332,65,133,134,194,382,132,624,19,142,25,table_pointeurs_probable,47
44,0xb0000,0xb3fff,6.5170,0.0866,0.0067,326,69,155,102,346,891,129,606,26,116,2,table_pointeurs_probable,58
45,0xb4000,0xb7fff,6.6246,0.0923,0.0082,288,66,124,98,158,374,133,597,13,134,8,table_pointeurs_probable,47
46,0xb8000,0xbbfff,6.5717,0.0964,0.0054,260,49,133,78,156,709,140,648,12,126,16,table_pointeurs_probable,54
47,0xbc000,0xbffff,6.5099,0.1134,0.0115,342,55,204,83,148,177,113,564,5,120,97,zone_compressee_possible,30
48,0xc0000,0xc3fff,6.2734,0.1129,0.0291,287,41,191,55,376,698,49,1684,88,132,89,table_pointeurs_probable,54
49,0xc4000,0xc7fff,6.4868,0.1058,0.0215,231,47,117,67,114,148,131,638,118,139,86,zone_compressee_possible,30
50,0xc8000,0xcbfff,6.2834,0.1039,0.0914,261,43,160,58,205,293,108,563,123,98,34,table_pointeurs_probable,46
51,0xcc000,0xcffff,6.5684,0.1152,0.0081,246,21,176,49,195,214,117,559,25,123,47,zone_compressee_possible,30
52,0xd0000,0xd3fff,6.4828,0.1104,0.0103,359,57,168,134,359,659,103,461,45,109,38,table_pointeurs_probable,53
53,0xd4000,0xd7fff,6.4699,0.0726,0.0071,312,29,231,52,246,270,281,1264,259,109,17,table_pointeurs_probable,45
54,0xd8000,0xdbfff,6.5691,0.0992,0.0112,318,63,194,61,122,170,123,602,24,91,69,zone_compressee_possible,30
55,0xdc000,0xdffff,6.5290,0.1034,0.0094,333,62,199,72,222,313,135,626,49,113,21,table_pointeurs_probable,46
56,0xe0000,0xe3fff,6.5315,0.1025,0.0072,327,50,157,120,329,480,142,666,19,123,10,table_pointeurs_probable,49
57,0xe4000,0xe7fff,6.5964,0.1040,0.0081,298,36,203,59,168,198,123,611,19,112,57,zone_compressee_possible,30
58,0xe8000,0xebfff,6.5279,0.0817,0.0078,327,22,252,53,232,265,232,1033,91,131,25,table_pointeurs_probable,45
59,0xec000,0xeffff,6.5529,0.1028,0.0107,453,50,278,125,182,218,109,514,24,122,48,zone_compressee_possible,30
60,0xf0000,0xf3fff,6.6258,0.1002,0.0096,336,42,236,58,300,432,116,541,25,106,62,table_pointeurs_probable,48
61,0xf4000,0xf7fff,6.5817,0.1070,0.0100,353,31,261,61,147,300,111,531,34,101,106,table_pointeurs_probable,46
62,0xf8000,0xfbfff,6.4595,0.1260,0.0106,290,56,160,74,77,128,80,380,5,90,130,zone_compressee_possible,30
63,0xfc000,0xfffff,6.4777,0.1159,0.0082,487,103,317,67,123,173,137,646,5,88,135,zone_compressee_possible,30
64,0x100000,0x103fff,6.4048,0.1102,0.0170,538,114,309,115,434,549,144,646,10,107,116,table_pointeurs_probable,51
65,0x104000,0x107fff,6.6105,0.0906,0.0160,429,37,262,130,201,269,216,1024,3,114,74,table_pointeurs_probable,45
66,0x108000,0x10bfff,6.5570,0.0987,0.0142,318,62,164,92,169,261,79,370,11,112,96,table_pointeurs_probable,45
67,0x10c000,0x10ffff,6.5902,0.0957,0.0149,267,19,193,55,150,287,121,584,20,118,114,table_pointeurs_probable,46
68,0x110000,0x113fff,6.4605,0.1062,0.0114,304,41,216,47,270,397,120,580,19,115,159,table_pointeurs_probable,48
69,0x114000,0x117fff,6.6072,0.0682,0.0117,304,79,149,76,230,441,77,333,24,128,43,table_pointeurs_probable,49
70,0x118000,0x11bfff,6.6944,0.0834,0.0126,319,29,207,83,145,184,138,631,7,134,103,zone_compressee_possible,30
71,0x11c000,0x11ffff,6.5840,0.1032,0.0116,357,28,201,128,216,331,76,376,18,109,119,table_pointeurs_probable,46
72,0x120000,0x123fff,6.6060,0.0977,0.0154,276,58,158,60,266,417,92,469,22,186,103,table_pointeurs_probable,48
73,0x124000,0x127fff,6.4421,0.0973,0.0093,292,51,190,51,147,281,115,617,24,131,72,table_pointeurs_probable,45
74,0x128000,0x12bfff,6.3918,0.1117,0.0131,423,61,294,68,193,317,73,336,17,131,135,table_pointeurs_probable,46
75,0x12c000,0x12ffff,6.5359,0.1151,0.0095,366,33,273,60,95,166,91,428,35,106,59,zone_compressee_possible,30
76,0x130000,0x133fff,6.6073,0.1037,0.0120,299,35,205,59,273,359,101,469,22,111,75,table_pointeurs_probable,47
77,0x134000,0x137fff,6.4384,0.1302,0.0065,269,28,149,92,127,136,108,514,16,113,59,zone_compressee_possible,30
78,0x138000,0x13bfff,6.4531,0.1201,0.0128,326,36,222,68,52,57,90,445,15,125,94,zone_compressee_possible,30
79,0x13c000,0x13ffff,6.5642,0.1072,0.0111,345,35,215,95,146,184,64,293,32,127,101,zone_compressee_possible,30
80,0x140000,0x143fff,6.5409,0.1086,0.0147,400,36,272,92,299,340,122,570,11,109,108,table_pointeurs_probable,47
81,0x144000,0x147fff,6.5840,0.1095,0.0109,363,35,265,63,179,187,104,483,8,114,105,zone_compressee_possible,30
82,0x148000,0x14bfff,6.5270,0.1054,0.0122,374,30,199,145,108,120,116,561,9,153,134,zone_compressee_possible,30
83,0x14c000,0x14ffff,6.7086,0.0905,0.0062,407,30,269,108,162,171,106,492,17,99,52,zone_compressee_possible,30
84,0x150000,0x153fff,6.5139,0.1041,0.0062,349,39,137,173,244,280,102,470,6,132,83,table_pointeurs_probable,45
85,0x154000,0x157fff,6.6033,0.0916,0.0058,266,26,141,99,197,227,151,745,121,94,33,zone_compressee_possible,30
86,0x158000,0x15bfff,6.5773,0.0911,0.0089,302,47,169,86,112,231,234,1264,59,122,47,zone_compressee_possible,30
87,0x15c000,0x15ffff,6.6199,0.0948,0.0102,272,32,169,71,102,114,148,715,12,117,80,zone_compressee_possible,30
88,0x160000,0x163fff,2.2971,0.0350,0.7130,3,0,0,3,207,275,2,9,853,132,4,table_pointeurs_probable,45
89,0x164000,0x167fff,0.1771,0.0019,0.9858,0,0,0,0,68,72,0,0,998,133,5,padding_probable,85
90,0x168000,0x16bfff,1.1882,0.0149,0.8833,10,5,2,3,87,111,1,4,873,129,3,structures_repetees_possible,53
91,0x16c000,0x16ffff,2.1899,0.0324,0.7549,17,10,2,5,63,76,7,28,748,104,0,structures_repetees_possible,49
92,0x170000,0x173fff,0.8461,0.0102,0.9215,1,0,1,0,126,135,0,0,935,110,4,padding_probable,85
93,0x174000,0x177fff,0.3148,0.0039,0.9725,0,0,0,0,29,32,0,0,988,119,2,padding_probable,85
94,0x178000,0x17bfff,0.1810,0.0017,0.9851,0,0,0,0,9,10,0,0,1007,106,1,padding_probable,85
95,0x17c000,0x17ffff,0.1985,0.0018,0.9839,0,0,0,0,15,16,0,0,1002,108,3,padding_probable,85
96,0x180000,0x183fff,6.2802,0.0753,0.2241,176,91,54,31,111,122,137,684,212,126,3,zone_compressee_possible,30
97,0x184000,0x187fff,1.3239,0.0226,0.8496,0,0,0,0,45,46,0,0,849,150,1,structures_repetees_possible,52
98,0x188000,0x18bfff,0.9982,0.0154,0.8926,0,0,0,0,40,41,0,0,895,112,6,structures_repetees_possible,54
99,0x18c000,0x18ffff,0.7708,0.0116,0.9211,0,0,0,0,17,18,0,0,936,130,1,padding_probable,85
100,0x190000,0x193fff,1.4627,0.0258,0.8310,0,0,0,0,100,106,0,0,843,130,4,structures_repetees_possible,52
101,0x194000,0x197fff,1.7314,0.0294,0.7940,0,0,0,0,29,30,0,0,792,129,5,structures_repetees_possible,50
102,0x198000,0x19bfff,1.2023,0.0195,0.8670,0,0,0,0,13,13,0,0,871,110,11,structures_repetees_possible,53
103,0x19c000,0x19ffff,1.3001,0.0223,0.8544,0,0,0,0,17,17,0,0,870,118,6,structures_repetees_possible,53
104,0x1a0000,0x1a3fff,0.6067,0.0082,0.9451,5,4,1,0,77,81,0,0,961,152,18,padding_probable,85
105,0x1a4000,0x1a7fff,4.4858,0.0798,0.4240,22,12,8,2,150,287,5,20,417,128,15,table_pointeurs_probable,46
106,0x1a8000,0x1abfff,2.1571,0.0384,0.7557,7,3,0,4,31,46,2,8,761,139,8,structures_repetees_possible,49
107,0x1ac000,0x1affff,0.3087,0.0035,0.9736,0,0,0,0,123,129,1,4,992,131,12,padding_probable,85
108,0x1b0000,0x1b3fff,0.3701,0.0057,0.9688,1,0,0,1,364,370,0,0,989,121,8,padding_probable,85
109,0x1b4000,0x1b7fff,-0.0000,0.0000,1.0000,0,0,0,0,179,179,0,0,1024,125,8,padding_probable,85
110,0x1b8000,0x1bbfff,1.9682,0.0337,0.7782,10,3,7,0,185,287,3,12,799,127,13,table_pointeurs_probable,46
111,0x1bc000,0x1bffff,4.8394,0.1042,0.2872,14,11,3,0,105,530,11,47,280,153,19,table_pointeurs_probable,50
112,0x1c0000,0x1c3fff,3.0135,0.0419,0.6691,86,43,41,2,101,108,29,124,679,161,18,structures_repetees_possible,47
113,0x1c4000,0x1c7fff,2.8944,0.0810,0.6515,9,7,2,0,130,197,3,12,646,174,15,structures_repetees_possible,46
114,0x1c8000,0x1cbfff,5.1205,0.2521,0.0440,119,67,27,25,139,331,1,4,26,160,8,table_pointeurs_probable,46
115,0x1cc000,0x1cffff,5.1491,0.2512,0.0449,123,81,27,15,143,272,1,4,56,195,24,table_pointeurs_probable,45
116,0x1d0000,0x1d3fff,5.2131,0.2333,0.0524,122,64,33,25,176,347,1,4,46,169,22,table_pointeurs_probable,47
117,0x1d4000,0x1d7fff,5.6337,0.1885,0.0226,126,75,37,14,336,996,13,55,13,163,16,table_pointeurs_probable,60
118,0x1d8000,0x1dbfff,6.0409,0.0929,0.1046,239,192,36,11,482,874,27,228,108,186,13,table_pointeurs_probable,57
119,0x1dc000,0x1dffff,6.6139,0.1185,0.0150,392,69,219,104,102,212,166,840,16,196,125,zone_compressee_possible,30
120,0x1e0000,0x1e3fff,6.4941,0.1117,0.0096,388,50,184,154,89,133,124,594,10,177,122,zone_compressee_possible,30
121,0x1e4000,0x1e7fff,6.6644,0.0909,0.0167,322,37,204,81,49,349,173,845,50,135,59,zone_compressee_possible,30
122,0x1e8000,0x1ebfff,5.4513,0.2824,0.0776,199,38,106,55,39,65,101,802,313,136,68,zone_compressee_possible,30
123,0x1ec000,0x1effff,3.3178,0.3574,0.1893,3,3,0,0,13,14,37,216,580,143,5,structures_repetees_possible,43
124,0x1f0000,0x1f3fff,2.1156,0.7551,0.0174,1,1,0,0,62,65,66,375,754,155,6,structures_repetees_possible,49
125,0x1f4000,0x1f7fff,1.8107,0.7599,0.0565,0,0,0,0,18,20,75,445,808,178,15,structures_repetees_possible,51
126,0x1f8000,0x1fbfff,1.5925,0.8122,0.0000,2,2,0,0,8,9,25,122,844,143,14,structures_repetees_possible,52
127,0x1fc000,0x1fffff,1.9455,0.7669,0.0148,2,2,0,0,14,14,37,223,817,191,5,structures_repetees_possible,51
128,0x200000,0x203fff,1.8445,0.7537,0.0591,0,0,0,0,95,114,76,450,1024,173,12,structures_repetees_possible,58
129,0x204000,0x207fff,1.4991,0.8336,0.0196,1,1,0,0,12,16,13,61,906,121,14,structures_repetees_possible,54
130,0x208000,0x20bfff,2.9355,0.5646,0.0939,0,0,0,0,22,29,70,427,621,140,69,structures_repetees_possible,45
131,0x20c000,0x20ffff,0.7071,0.9223,0.0104,0,0,0,0,17,18,27,171,953,193,9,padding_probable,85
132,0x210000,0x213fff,1.9196,0.7405,0.0635,0,0,0,0,97,122,77,456,739,140,2,structures_repetees_possible,49
133,0x214000,0x217fff,1.2676,0.8631,0.0133,1,1,0,0,27,30,14,65,814,137,7,structures_repetees_possible,51
134,0x218000,0x21bfff,3.0788,0.5350,0.0987,0,0,0,0,12,12,74,452,504,135,55,structures_repetees_possible,41
135,0x21c000,0x21ffff,0.5544,0.9416,0.0059,0,0,0,0,12,13,24,159,1013,134,3,padding_probable,85
136,0x220000,0x223fff,2.0221,0.7212,0.0680,0,0,0,0,99,119,80,468,1024,198,2,structures_repetees_possible,58
137,0x224000,0x227fff,1.0553,0.8882,0.0093,1,1,0,0,26,31,13,61,981,139,8,structures_repetees_possible,57
138,0x228000,0x22bfff,3.1882,0.5159,0.0953,0,0,0,0,10,12,78,454,694,118,55,structures_repetees_possible,47
139,0x22c000,0x22ffff,0.4829,0.9546,0.0006,0,0,0,0,18,20,2,8,996,125,5,padding_probable,85
140,0x230000,0x233fff,3.8905,0.5097,0.0324,87,64,16,7,87,3007,41,207,394,123,4,table_pointeurs_probable,85
141,0x234000,0x237fff,6.4957,0.1641,0.0560,194,101,56,37,140,387,163,941,177,135,7,table_pointeurs_probable,48
142,0x238000,0x23bfff,5.0898,0.3818,0.0382,104,25,49,30,498,581,51,430,305,120,1,table_pointeurs_probable,51
143,0x23c000,0x23ffff,4.5468,0.4455,0.0901,59,6,26,27,288,313,0,0,151,140,1,table_pointeurs_probable,46
144,0x240000,0x243fff,3.5509,0.5826,0.0482,35,9,18,8,70,86,0,0,319,174,2,zone_indeterminee,10
145,0x244000,0x247fff,4.3771,0.4840,0.0479,150,97,30,23,73,73,138,1019,419,168,18,zone_compressee_possible,30
146,0x248000,0x24bfff,6.3980,0.0783,0.0264,476,183,211,82,49,215,333,1984,83,134,27,zone_compressee_possible,30
147,0x24c000,0x24ffff,6.5114,0.1015,0.0287,372,150,177,45,151,739,241,1295,104,157,66,table_pointeurs_probable,55
148,0x250000,0x253fff,5.4275,0.3295,0.0269,88,40,16,32,236,385,28,1770,153,167,31,table_pointeurs_probable,48
149,0x254000,0x257fff,4.2962,0.4795,0.0471,86,48,8,30,68,89,91,1304,477,127,1,structures_repetees_possible,40
150,0x258000,0x25bfff,5.3934,0.3130,0.0324,154,78,33,43,60,63,84,498,364,128,0,zone_compressee_possible,30
151,0x25c000,0x25ffff,4.8744,0.4322,0.0485,183,117,16,50,87,502,76,772,469,114,4,table_pointeurs_probable,50
152,0x260000,0x263fff,4.6321,0.2709,0.0056,51,19,14,18,164,334,241,6313,501,136,1,table_pointeurs_probable,47
153,0x264000,0x267fff,3.5871,0.3679,0.0006,1695,1,480,1214,22,25,54,8946,771,93,3,structures_repetees_possible,50
154,0x268000,0x26bfff,2.8110,0.5294,0.0030,492,6,484,2,16,19,30,4489,762,132,2,structures_repetees_possible,49
155,0x26c000,0x26ffff,6.4656,0.2014,0.0428,256,130,57,69,114,161,261,1627,144,144,13,zone_compressee_possible,30
156,0x270000,0x273fff,4.9395,0.1793,0.3355,122,68,36,18,120,139,118,640,429,149,19,zone_compressee_possible,30
157,0x274000,0x277fff,1.9226,0.0465,0.8063,15,11,2,2,33,49,53,298,888,155,2,structures_repetees_possible,54
158,0x278000,0x27bfff,4.9930,0.1314,0.3364,72,40,19,13,12,12,165,2549,451,123,9,zone_indeterminee,10
159,0x27c000,0x27ffff,1.7132,0.8095,0.0084,32,32,0,0,13,13,51,689,823,125,7,structures_repetees_possible,52
160,0x280000,0x283fff,5.1954,0.2537,0.2352,202,117,59,26,49,62,129,661,437,148,3,zone_compressee_possible,30
161,0x284000,0x287fff,4.7394,0.1736,0.3807,148,109,27,12,42,43,168,860,540,144,6,structures_repetees_possible,42
162,0x288000,0x28bfff,3.3656,0.0639,0.6391,71,35,29,7,13,13,69,382,714,115,10,structures_repetees_possible,48
163,0x28c000,0x28ffff,6.1483,0.1460,0.1899,159,95,52,12,30,46,168,953,302,141,9,zone_compressee_possible,30
164,0x290000,0x293fff,4.2187,0.1325,0.4825,106,72,21,13,47,66,116,620,619,113,9,structures_repetees_possible,45
165,0x294000,0x297fff,3.5068,0.0898,0.6033,80,39,26,15,27,30,130,693,710,139,5,structures_repetees_possible,48
166,0x298000,0x29bfff,1.5591,0.0433,0.8444,13,7,5,1,17,18,71,392,949,116,21,structures_repetees_possible,56
167,0x29c000,0x29ffff,4.0688,0.0836,0.5286,146,81,31,34,16,16,99,559,626,101,13,structures_repetees_possible,45
168,0x2a0000,0x2a3fff,4.9857,0.4047,0.0000,266,82,165,19,31,31,132,1007,176,163,20,zone_compressee_possible,30
169,0x2a4000,0x2a7fff,4.9684,0.0681,0.1348,15,6,8,1,50,52,115,940,468,141,22,structures_repetees_possible,40
170,0x2a8000,0x2abfff,3.6071,0.1823,0.5118,112,69,21,22,23,36,73,438,607,126,17,structures_repetees_possible,44
171,0x2ac000,0x2affff,4.2233,0.4070,0.1557,209,88,56,65,13,13,117,961,469,132,21,structures_repetees_possible,40
172,0x2b0000,0x2b3fff,4.4531,0.3612,0.1321,112,18,88,6,26,27,62,467,375,127,14,zone_compressee_possible,30
173,0x2b4000,0x2b7fff,4.7738,0.4357,0.0106,126,59,61,6,37,37,37,199,316,108,13,zone_compressee_possible,30
174,0x2b8000,0x2bbfff,2.9060,0.3903,0.3834,31,8,17,6,15,16,11,68,820,124,24,structures_repetees_possible,51
175,0x2bc000,0x2bffff,4.3509,0.3619,0.1791,65,9,54,2,7,7,22,152,411,132,19,zone_indeterminee,10
176,0x2c0000,0x2c3fff,4.9110,0.2019,0.3006,257,151,84,22,94,153,112,625,393,110,27,zone_compressee_possible,30
177,0x2c4000,0x2c7fff,3.9847,0.1912,0.4321,338,261,68,9,24,24,31,156,546,142,14,structures_repetees_possible,42
178,0x2c8000,0x2cbfff,2.9421,0.3067,0.4603,35,1,34,0,18,19,31,253,693,134,10,structures_repetees_possible,47
179,0x2cc000,0x2cffff,3.1049,0.4340,0.3013,82,39,42,1,10,10,13,113,679,124,10,structures_repetees_possible,47
180,0x2d0000,0x2d3fff,3.3779,0.5638,0.0966,43,22,21,0,32,33,2,18,585,106,27,structures_repetees_possible,44
181,0x2d4000,0x2d7fff,5.4654,0.1938,0.1426,197,6,84,107,169,1271,46,455,244,106,19,table_pointeurs_probable,65
182,0x2d8000,0x2dbfff,5.5211,0.0179,0.0101,1116,18,1,1097,52,59,112,1261,210,112,20,zone_compressee_possible,30
183,0x2dc000,0x2dffff,4.8651,0.0196,0.2944,112,1,8,103,52,55,132,1686,490,131,10,structures_repetees_possible,40
184,0x2e0000,0x2e3fff,5.0086,0.0049,0.1174,87,3,2,82,40,50,29,176,431,110,17,zone_indeterminee,10
185,0x2e4000,0x2e7fff,5.0410,0.0338,0.0001,42,3,3,36,34,41,14,103,352,109,13,zone_indeterminee,10
186,0x2e8000,0x2ebfff,4.4919,0.0751,0.2169,5,0,2,3,24,30,3,16,676,111,10,structures_repetees_possible,47
187,0x2ec000,0x2effff,4.7169,0.0229,0.1238,216,2,147,67,22,27,49,349,426,160,11,zone_compressee_possible,30
188,0x2f0000,0x2f3fff,4.7400,0.0060,0.1252,139,38,3,98,42,54,60,547,463,140,4,structures_repetees_possible,40
189,0x2f4000,0x2f7fff,4.0211,0.0066,0.0000,75,50,2,23,31,35,19,94,469,165,13,structures_repetees_possible,40
190,0x2f8000,0x2fbfff,4.3312,0.0840,0.1420,18,2,0,16,18,23,8,51,650,130,15,structures_repetees_possible,46
191,0x2fc000,0x2fffff,3.4256,0.0035,0.3049,54,7,1,46,14,19,4,24,819,161,11,structures_repetees_possible,51
192,0x300000,0x303fff,5.0422,0.0048,0.0719,550,11,1,538,41,50,50,377,354,156,16,zone_compressee_possible,30
193,0x304000,0x307fff,5.2306,0.0480,0.1406,23,13,9,1,56,71,61,552,276,134,16,zone_indeterminee,10
194,0x308000,0x30bfff,4.7811,0.0244,0.1649,46,6,1,39,47,63,96,1080,346,155,5,zone_indeterminee,10
195,0x30c000,0x30ffff,4.8566,0.0085,0.2795,111,42,19,50,24,33,30,191,513,130,8,structures_repetees_possible,41
196,0x310000,0x313fff,6.0703,0.0190,0.0003,374,21,32,321,42,47,62,595,173,98,7,zone_compressee_possible,30
197,0x314000,0x317fff,5.1780,0.0331,0.1174,171,11,1,159,63,77,20,160,344,139,10,zone_compressee_possible,30
198,0x318000,0x31bfff,5.5252,0.0331,0.0497,40,8,24,8,83,138,71,432,283,177,13,zone_indeterminee,10
199,0x31c000,0x31ffff,3.3250,0.0219,0.5753,84,44,17,23,57,81,48,710,699,102,6,structures_repetees_possible,47
200,0x320000,0x323fff,4.3444,0.0136,0.3319,97,2,5,90,74,108,38,243,588,132,7,structures_repetees_possible,44
201,0x324000,0x327fff,4.1452,0.0070,0.1172,71,14,1,56,26,34,43,266,653,114,21,structures_repetees_possible,46
202,0x328000,0x32bfff,1.8458,0.0055,0.2935,1,0,0,1,30,39,0,0,996,118,2,structures_repetees_possible,57
203,0x32c000,0x32ffff,4.2777,0.0901,0.0001,41,10,3,28,19,26,27,185,689,115,5,structures_repetees_possible,47
204,0x330000,0x333fff,4.4453,0.0019,0.1173,13,6,7,0,68,87,2,10,333,137,7,zone_indeterminee,10
205,0x334000,0x337fff,2.5830,0.0015,0.0000,253,253,0,0,38,39,0,0,889,175,9,structures_repetees_possible,54
206,0x338000,0x33bfff,5.1563,0.1714,0.1578,213,113,26,74,64,80,56,427,418,141,5,zone_compressee_possible,30
207,0x33c000,0x33ffff,3.9335,0.0223,0.4036,121,13,31,77,53,73,7,40,550,152,5,structures_repetees_possible,42
208,0x340000,0x343fff,5.3205,0.0751,0.1032,577,4,40,533,92,124,53,373,410,143,8,zone_compressee_possible,30
209,0x344000,0x347fff,4.9148,0.1468,0.0223,1660,60,3,1597,97,129,54,781,406,127,3,zone_compressee_possible,30
210,0x348000,0x34bfff,4.7108,0.1312,0.0865,1959,24,2,1933,75,99,28,253,605,89,5,structures_repetees_possible,44
211,0x34c000,0x34ffff,4.6769,0.1572,0.0925,1115,19,5,1091,186,201,6,24,721,95,2,structures_repetees_possible,48
212,0x350000,0x353fff,5.5527,0.2524,0.0673,64,20,20,24,432,712,59,1805,100,96,9,table_pointeurs_probable,54
213,0x354000,0x357fff,2.7098,0.6382,0.0128,0,0,0,0,33,55,83,2133,751,108,6,structures_repetees_possible,49
214,0x358000,0x35bfff,3.7916,0.4944,0.0082,16,1,13,2,89,188,120,3226,740,111,2,structures_repetees_possible,49
215,0x35c000,0x35ffff,2.8084,0.6722,0.0118,76,0,73,3,44,63,32,171,546,95,6,structures_repetees_possible,42
216,0x360000,0x363fff,2.8437,0.6806,0.0116,40,1,36,3,36,48,43,392,576,123,4,structures_repetees_possible,43
217,0x364000,0x367fff,2.9103,0.6735,0.0166,48,1,43,4,49,58,50,331,547,123,11,structures_repetees_possible,42
218,0x368000,0x36bfff,3.2527,0.6461,0.0099,37,0,33,4,43,55,56,556,472,87,14,structures_repetees_possible,40
219,0x36c000,0x36ffff,3.1670,0.6656,0.0062,48,19,17,12,48,48,90,862,467,91,7,structures_repetees_possible,40
220,0x370000,0x373fff,3.3079,0.6407,0.0018,80,52,13,15,37,39,92,842,427,115,8,zone_indeterminee,10
221,0x374000,0x377fff,2.8349,0.6844,0.0043,88,66,13,9,54,68,114,1061,518,88,6,structures_repetees_possible,41
222,0x378000,0x37bfff,3.1530,0.6611,0.0032,94,45,20,29,34,36,79,794,528,89,2,structures_repetees_possible,42
223,0x37c000,0x37ffff,2.8129,0.6899,0.0016,90,53,27,10,35,35,105,1032,494,87,4,structures_repetees_possible,41
224,0x380000,0x383fff,2.9505,0.6794,0.0015,111,91,7,13,43,43,104,798,510,94,4,structures_repetees_possible,41
225,0x384000,0x387fff,3.3740,0.6267,0.0014,13,10,0,3,52,52,78,839,480,107,5,structures_repetees_possible,40
226,0x388000,0x38bfff,3.1304,0.6727,0.0059,56,19,13,24,39,40,98,693,492,93,5,structures_repetees_possible,40
227,0x38c000,0x38ffff,3.6741,0.6036,0.0171,94,42,16,36,29,74,84,556,421,100,5,zone_indeterminee,10
228,0x390000,0x393fff,4.1200,0.5231,0.0071,57,13,33,11,48,113,77,695,317,118,6,zone_indeterminee,10
229,0x394000,0x397fff,3.3418,0.5917,0.0042,56,32,9,15,32,53,155,1877,471,101,14,structures_repetees_possible,40
230,0x398000,0x39bfff,4.5216,0.4286,0.0378,29,12,4,13,118,121,110,755,464,136,25,structures_repetees_possible,40
231,0x39c000,0x39ffff,2.1511,0.7535,0.0167,36,3,2,31,42,53,32,243,697,89,20,structures_repetees_possible,47
232,0x3a0000,0x3a3fff,4.5597,0.3700,0.0175,192,41,135,16,366,2447,0,0,72,100,23,table_pointeurs_probable,85
233,0x3a4000,0x3a7fff,5.8121,0.1456,0.0385,333,97,218,18,685,1209,42,826,123,91,25,table_pointeurs_probable,64
234,0x3a8000,0x3abfff,5.4173,0.0973,0.0320,8,4,3,1,39,44,260,3928,420,109,17,zone_texte_possible,25
235,0x3ac000,0x3affff,2.4138,0.1505,0.6619,21,11,4,6,151,1878,4,32,715,113,22,table_pointeurs_probable,77
236,0x3b0000,0x3b3fff,1.5116,0.1065,0.7936,29,24,2,3,97,97,0,0,793,82,17,structures_repetees_possible,51
237,0x3b4000,0x3b7fff,1.3339,0.0937,0.8207,6,1,4,1,104,105,0,0,844,100,15,structures_repetees_possible,52
238,0x3b8000,0x3bbfff,2.3160,0.1904,0.6348,30,12,14,4,148,156,0,0,674,101,22,structures_repetees_possible,47
239,0x3bc000,0x3bffff,3.5447,0.2238,0.4467,81,35,27,19,214,229,21,112,546,78,29,structures_repetees_possible,42
240,0x3c0000,0x3c3fff,6.5997,0.0447,0.0713,231,85,64,82,22,134,257,2651,26,143,41,zone_compressee_possible,30
241,0x3c4000,0x3c7fff,3.0707,0.6583,0.0090,126,38,74,14,193,217,27,582,478,127,20,structures_repetees_possible,40
242,0x3c8000,0x3cbfff,4.7471,0.3156,0.1813,139,89,16,34,236,243,32,309,466,114,13,table_pointeurs_probable,45
243,0x3cc000,0x3cffff,5.9559,0.1960,0.0192,411,281,66,64,177,244,125,2595,193,104,21,table_pointeurs_probable,45
244,0x3d0000,0x3d3fff,5.8363,0.1809,0.1497,596,442,79,75,85,99,184,987,242,113,30,zone_compressee_possible,30
245,0x3d4000,0x3d7fff,5.2716,0.1393,0.0180,32,11,11,10,228,471,0,0,279,124,17,table_pointeurs_probable,49
246,0x3d8000,0x3dbfff,4.9234,0.2255,0.0197,19,1,17,1,94,214,5,22,74,112,11,zone_indeterminee,10
247,0x3dc000,0x3dffff,4.6548,0.4420,0.0256,106,23,80,3,135,137,9,39,160,122,16,zone_compressee_possible,30
248,0x3e0000,0x3e3fff,4.4912,0.4721,0.0286,146,58,47,41,410,1023,71,356,225,145,29,table_pointeurs_probable,60
249,0x3e4000,0x3e7fff,4.9134,0.2679,0.0234,207,90,63,54,556,2133,61,259,249,125,18,table_pointeurs_probable,82
250,0x3e8000,0x3ebfff,4.8614,0.3268,0.0524,11,4,3,4,883,884,0,0,0,93,11,table_pointeurs_probable,58
251,0x3ec000,0x3effff,5.3966,0.1877,0.2330,393,172,94,127,289,334,77,372,306,100,10,table_pointeurs_probable,47
252,0x3f0000,0x3f3fff,5.6683,0.1540,0.0655,331,145,58,128,73,93,231,1233,293,120,26,zone_compressee_possible,30
253,0x3f4000,0x3f7fff,6.3291,0.1838,0.0302,220,86,68,66,57,77,280,1556,208,123,13,zone_compressee_possible,30
254,0x3f8000,0x3fbfff,4.7881,0.3775,0.0568,18,12,5,1,210,241,85,861,309,102,23,table_pointeurs_probable,45
255,0x3fc000,0x3fffff,5.8488,0.2008,0.0360,98,58,26,14,522,768,7,30,26,110,10,table_pointeurs_probable,55
256,0x400000,0x403fff,6.1897,0.2213,0.0555,269,103,81,85,70,93,37,181,59,149,18,zone_compressee_possible,30
257,0x404000,0x407fff,6.6951,0.0825,0.0141,494,274,166,54,40,51,245,1396,65,149,45,zone_compressee_possible,30
258,0x408000,0x40bfff,6.6805,0.0945,0.0262,274,151,80,43,86,96,90,490,60,136,44,zone_compressee_possible,30
259,0x40c000,0x40ffff,6.6944,0.1141,0.0245,206,117,55,34,74,136,171,911,31,170,34,zone_compressee_possible,30
260,0x410000,0x413fff,5.8838,0.0766,0.0678,174,108,30,36,36,40,108,557,103,165,51,zone_compressee_possible,30
261,0x414000,0x417fff,6.5947,0.1182,0.0489,156,113,31,12,523,1058,38,174,26,122,84,table_pointeurs_probable,61
262,0x418000,0x41bfff,5.5024,0.1384,0.0343,19,9,10,0,494,696,6,25,10,123,10,table_pointeurs_probable,54
263,0x41c000,0x41ffff,6.0260,0.1329,0.0358,72,32,25,15,367,437,60,287,19,98,3,table_pointeurs_probable,49
264,0x420000,0x423fff,7.1251,0.0679,0.0118,286,175,71,40,208,502,182,917,3,101,9,table_pointeurs_probable,50
265,0x424000,0x427fff,7.1052,0.0699,0.0131,232,127,66,39,76,137,225,1099,4,109,5,zone_compressee_possible,30
266,0x428000,0x42bfff,6.9871,0.0595,0.0721,285,154,83,48,22,39,170,814,61,108,5,zone_compressee_possible,30
267,0x42c000,0x42ffff,6.8890,0.0587,0.1135,214,103,72,39,16,18,179,900,106,92,6,zone_compressee_possible,30
268,0x430000,0x433fff,7.1773,0.0727,0.0110,260,138,85,37,26,46,194,978,3,104,5,zone_compressee_possible,30
269,0x434000,0x437fff,7.0929,0.0764,0.0119,355,186,117,52,20,20,188,945,6,148,10,zone_compressee_possible,30
270,0x438000,0x43bfff,7.1534,0.0715,0.0151,252,139,70,43,13,13,186,902,7,144,2,zone_compressee_possible,30
271,0x43c000,0x43ffff,7.0637,0.0945,0.0438,202,102,73,27,99,130,201,1435,52,152,4,zone_compressee_possible,30
272,0x440000,0x443fff,6.5270,0.1447,0.0151,502,262,149,91,80,97,270,1870,86,178,8,zone_compressee_possible,30
273,0x444000,0x447fff,5.1124,0.1821,0.0164,24,8,8,8,302,838,0,0,1,118,10,table_pointeurs_probable,57
274,0x448000,0x44bfff,4.4583,0.1514,0.0209,0,0,0,0,335,342,0,0,3,115,2,table_pointeurs_probable,47
275,0x44c000,0x44ffff,4.8873,0.2566,0.0131,36,35,1,0,200,206,45,1632,215,132,6,zone_indeterminee,10
276,0x450000,0x453fff,5.0071,0.1705,0.1635,126,111,8,7,252,280,38,3964,570,166,6,table_pointeurs_probable,45
277,0x454000,0x457fff,5.8178,0.1874,0.0565,48,32,10,6,427,588,7,106,153,140,3,table_pointeurs_probable,52
278,0x458000,0x45bfff,6.2931,0.1798,0.0219,134,86,20,28,418,490,48,395,95,115,2,table_pointeurs_probable,50
279,0x45c000,0x45ffff,3.4852,0.5983,0.0547,30,18,6,6,66,79,40,351,609,131,18,structures_repetees_possible,44
280,0x460000,0x463fff,5.8215,0.1325,0.1321,379,155,125,99,224,308,189,1012,215,140,43,table_pointeurs_probable,46
281,0x464000,0x467fff,6.4539,0.1598,0.0305,338,199,78,61,229,323,195,1270,44,132,29,table_pointeurs_probable,46
282,0x468000,0x46bfff,5.3101,0.2732,0.0093,148,92,29,27,102,120,261,3996,427,119,24,zone_compressee_possible,30
283,0x46c000,0x46ffff,6.3123,0.1310,0.0403,379,230,82,67,142,180,177,1024,154,123,54,zone_compressee_possible,30
284,0x470000,0x473fff,6.2307,0.1431,0.0776,146,81,35,30,48,69,97,460,266,141,20,zone_compressee_possible,30
285,0x474000,0x477fff,6.7375,0.1104,0.0118,327,196,83,48,57,62,120,581,31,126,26,zone_compressee_possible,30
286,0x478000,0x47bfff,5.4421,0.3201,0.0984,249,151,62,36,219,232,42,292,201,116,19,zone_compressee_possible,30
287,0x47c000,0x47ffff,3.8612,0.4659,0.1779,106,75,23,8,21,25,40,208,379,183,3,zone_compressee_possible,30
288,0x480000,0x483fff,4.9242,0.3357,0.1000,68,41,22,5,112,321,5,20,196,255,8,table_pointeurs_probable,46
289,0x484000,0x487fff,4.5148,0.1292,0.0145,0,0,0,0,248,815,0,0,27,166,7,table_pointeurs_probable,56
290,0x488000,0x48bfff,4.7809,0.3755,0.0117,36,8,6,22,78,419,8,210,407,177,8,table_pointeurs_probable,48
291,0x48c000,0x48ffff,1.9417,0.2670,0.5749,5,3,1,1,16,223,0,0,915,125,6,structures_repetees_possible,55
292,0x490000,0x493fff,2.1671,0.6300,0.0035,25,0,0,25,21,24,0,0,900,165,10,structures_repetees_possible,54
293,0x494000,0x497fff,2.1619,0.6300,0.0035,29,0,0,29,19,31,0,0,924,123,12,structures_repetees_possible,55
294,0x498000,0x49bfff,2.2039,0.6275,0.0053,27,0,0,27,19,21,0,0,933,132,15,structures_repetees_possible,55
295,0x49c000,0x49ffff,2.2167,0.6271,0.0063,30,0,3,27,17,22,0,0,919,131,11,structures_repetees_possible,55
296,0x4a0000,0x4a3fff,3.1737,0.5407,0.0051,43,4,16,23,31,281,6,33,741,163,9,structures_repetees_possible,49
297,0x4a4000,0x4a7fff,7.5986,0.0134,0.0079,179,115,53,11,12,90,232,3252,0,116,29,zone_compressee_possible,30
298,0x4a8000,0x4abfff,7.5149,0.0350,0.0130,103,49,29,25,13,18,518,3337,10,102,13,table_texte_probable,58
299,0x4ac000,0x4affff,7.4890,0.0177,0.0094,117,66,40,11,4,6,249,3289,0,104,22,zone_compressee_possible,30
300,0x4b0000,0x4b3fff,6.4614,0.0713,0.0431,86,69,14,3,14,23,32,743,4,157,35,zone_indeterminee,10
301,0x4b4000,0x4b7fff,6.9915,0.0532,0.0356,116,67,31,18,13,60,77,921,6,131,16,zone_compressee_possible,30
302,0x4b8000,0x4bbfff,7.1276,0.0573,0.0077,131,104,21,6,8,22,157,2307,19,150,30,zone_compressee_possible,30
303,0x4bc000,0x4bffff,6.4333,0.0942,0.0434,38,32,0,6,8,10,0,0,81,186,32,zone_indeterminee,10
304,0x4c0000,0x4c3fff,4.0029,0.2284,0.1232,3,3,0,0,7,8,0,0,7,141,26,zone_indeterminee,10
305,0x4c4000,0x4c7fff,6.6365,0.1086,0.0715,59,36,14,9,20,43,62,1273,16,114,17,zone_indeterminee,10
306,0x4c8000,0x4cbfff,6.9058,0.0616,0.0270,100,59,31,10,10,15,158,1838,30,133,7,zone_compressee_possible,30
307,0x4cc000,0x4cffff,7.3946,0.0119,0.0102,150,80,33,37,12,12,391,3274,0,123,9,table_texte_probable,52
308,0x4d0000,0x4d3fff,7.4173,0.0162,0.0083,92,39,36,17,10,12,429,3610,0,153,27,table_texte_probable,54
309,0x4d4000,0x4d7fff,7.5006,0.0160,0.0059,78,28,29,21,7,7,512,2577,0,115,25,table_texte_probable,58
310,0x4d8000,0x4dbfff,6.9327,0.0321,0.0208,175,111,47,17,11,11,141,640,0,138,16,zone_compressee_possible,30
311,0x4dc000,0x4dffff,7.3986,0.0175,0.0120,187,104,76,7,16,18,247,2385,1,134,18,zone_compressee_possible,30
312,0x4e0000,0x4e3fff,7.6772,0.0212,0.0110,84,48,17,19,6,6,511,3953,0,142,36,table_texte_probable,58
313,0x4e4000,0x4e7fff,7.7450,0.0176,0.0096,48,29,8,11,7,8,607,3946,0,131,17,table_texte_probable,63
314,0x4e8000,0x4ebfff,7.7476,0.0140,0.0039,73,42,14,17,8,33,567,3711,0,153,18,table_texte_probable,61
315,0x4ec000,0x4effff,7.5910,0.0155,0.0099,99,51,40,8,8,20,359,3431,0,165,8,table_texte_probable,50
316,0x4f0000,0x4f3fff,7.6307,0.0362,0.0167,74,39,21,14,31,48,231,2426,5,160,8,zone_texte_possible,25
317,0x4f4000,0x4f7fff,7.5727,0.0138,0.0097,89,43,32,14,10,14,234,2264,0,145,10,zone_texte_possible,25
318,0x4f8000,0x4fbfff,7.3673,0.0202,0.0084,100,53,19,28,9,9,418,2350,0,102,7,table_texte_probable,53
319,0x4fc000,0x4fffff,7.5409,0.0125,0.0047,108,61,34,13,8,12,282,2923,0,132,15,zone_compressee_possible,30
320,0x500000,0x503fff,7.4949,0.0209,0.0087,83,41,28,14,27,54,426,2029,0,136,14,table_texte_probable,54
321,0x504000,0x507fff,7.5709,0.0132,0.0071,64,28,19,17,23,27,362,3222,0,123,14,table_texte_probable,51
322,0x508000,0x50bfff,7.5027,0.0140,0.0043,80,25,35,20,10,35,327,3098,3,150,12,zone_texte_possible,25
323,0x50c000,0x50ffff,7.3531,0.0350,0.0121,122,85,24,13,12,31,346,2321,7,135,5,table_texte_probable,50
324,0x510000,0x513fff,7.3405,0.0225,0.0246,96,72,21,3,22,32,321,1507,1,132,11,zone_texte_possible,25
325,0x514000,0x517fff,7.3172,0.0205,0.0255,84,65,15,4,11,21,321,1528,0,133,7,zone_texte_possible,25
326,0x518000,0x51bfff,7.6021,0.0290,0.0157,68,53,11,4,10,21,327,1552,3,138,2,zone_texte_possible,25
327,0x51c000,0x51ffff,7.4004,0.0242,0.0302,86,72,11,3,11,17,321,1571,2,129,4,zone_texte_possible,25
328,0x520000,0x523fff,7.6834,0.0365,0.0142,48,37,11,0,22,38,195,867,3,116,7,zone_indeterminee,10
329,0x524000,0x527fff,7.0406,0.0501,0.0338,111,97,12,2,18,57,360,1775,2,159,4,table_texte_probable,50
330,0x528000,0x52bfff,7.8033,0.0277,0.0113,68,55,9,4,15,28,244,1072,0,138,3,zone_texte_possible,25
331,0x52c000,0x52ffff,7.8162,0.0103,0.0095,28,18,8,2,11,15,182,769,0,131,5,zone_indeterminee,10
332,0x530000,0x533fff,7.3374,0.0544,0.0223,168,146,17,5,29,43,231,1192,3,136,6,zone_compressee_possible,30
333,0x534000,0x537fff,7.7753,0.0106,0.0099,41,21,14,6,13,46,230,1108,0,140,2,zone_texte_possible,25
334,0x538000,0x53bfff,7.7006,0.0124,0.0179,45,34,10,1,12,16,341,1557,1,118,2,zone_texte_possible,25
335,0x53c000,0x53ffff,7.7265,0.0096,0.0182,39,21,14,4,8,11,231,1044,0,103,4,zone_texte_possible,25
336,0x540000,0x543fff,7.6186,0.0519,0.0140,85,74,8,3,12,28,197,864,9,144,1,zone_indeterminee,10
337,0x544000,0x547fff,7.5447,0.0104,0.0244,40,26,9,5,14,19,287,1403,0,120,5,zone_texte_possible,25
338,0x548000,0x54bfff,7.6190,0.0114,0.0178,43,20,17,6,12,21,221,991,0,143,1,zone_texte_possible,25
339,0x54c000,0x54ffff,7.6189,0.0339,0.0165,70,58,9,3,7,13,275,1292,2,135,0,zone_texte_possible,25
340,0x550000,0x553fff,7.3538,0.0792,0.0206,149,138,10,1,32,42,256,1217,1,122,1,zone_compressee_possible,30
341,0x554000,0x557fff,7.7877,0.0146,0.0101,50,41,6,3,43,56,175,806,0,134,3,zone_indeterminee,10
342,0x558000,0x55bfff,7.6755,0.0441,0.0158,84,75,7,2,7,13,254,1143,2,131,2,zone_texte_possible,25
343,0x55c000,0x55ffff,7.6445,0.0211,0.0264,37,23,10,4,10,27,202,886,0,131,1,zone_texte_possible,25
344,0x560000,0x563fff,7.0806,0.0845,0.0216,182,170,10,2,16,23,392,2425,5,122,5,table_texte_probable,52
345,0x564000,0x567fff,7.3285,0.0523,0.0378,96,80,12,4,18,24,243,1128,4,155,3,zone_texte_possible,25
346,0x568000,0x56bfff,7.4009,0.0296,0.0360,82,66,13,3,10,18,183,856,1,167,3,zone_indeterminee,10
347,0x56c000,0x56ffff,7.3186,0.0197,0.0175,92,69,17,6,8,15,192,939,0,139,2,zone_indeterminee,10
348,0x570000,0x573fff,7.1497,0.0436,0.0375,72,62,8,2,23,32,306,1482,6,138,6,zone_texte_possible,25
349,0x574000,0x577fff,7.2228,0.0759,0.0310,89,74,9,6,16,20,310,1477,7,162,7,zone_texte_possible,25
350,0x578000,0x57bfff,6.8318,0.0665,0.0328,140,122,12,6,12,21,421,2220,3,124,13,table_texte_probable,53
351,0x57c000,0x57ffff,7.7526,0.0139,0.0184,31,18,8,5,14,23,232,1058,0,114,6,zone_texte_possible,25
352,0x580000,0x583fff,6.6805,0.0341,0.0580,127,95,26,6,10,16,348,1801,1,126,6,table_texte_probable,50
353,0x584000,0x587fff,7.3347,0.0221,0.0275,92,71,19,2,11,24,351,1672,1,137,4,table_texte_probable,50
354,0x588000,0x58bfff,7.7095,0.0099,0.0127,41,27,12,2,10,15,281,1350,1,127,4,zone_texte_possible,25
355,0x58c000,0x58ffff,7.7457,0.0175,0.0151,50,38,9,3,9,14,177,795,1,114,7,zone_indeterminee,10
356,0x590000,0x593fff,7.5714,0.0402,0.0157,61,47,12,2,10,17,282,1283,4,132,5,zone_texte_possible,25
357,0x594000,0x597fff,7.7375,0.0043,0.0258,13,4,6,3,7,10,235,1115,0,104,7,zone_texte_possible,25
358,0x598000,0x59bfff,7.4621,0.0568,0.0242,86,73,10,3,12,20,257,1193,10,118,13,zone_texte_possible,25
359,0x59c000,0x59ffff,7.3712,0.0441,0.0269,100,85,12,3,5,15,323,1576,0,127,15,zone_compressee_possible,30
360,0x5a0000,0x5a3fff,7.6099,0.0526,0.0096,63,60,2,1,10,14,263,1212,3,114,5,zone_texte_possible,25
361,0x5a4000,0x5a7fff,7.7533,0.0125,0.0063,45,40,3,2,12,16,195,941,0,135,12,zone_indeterminee,10
362,0x5a8000,0x5abfff,7.6824,0.0111,0.0281,33,19,9,5,8,20,194,898,0,128,10,zone_indeterminee,10
363,0x5ac000,0x5affff,7.7857,0.0142,0.0114,35,23,10,2,9,15,194,928,1,112,16,zone_indeterminee,10
364,0x5b0000,0x5b3fff,7.6489,0.0212,0.0194,54,41,12,1,16,34,213,1045,0,134,10,zone_texte_possible,25
365,0x5b4000,0x5b7fff,7.4229,0.0551,0.0241,112,103,7,2,19,28,226,1078,2,123,13,zone_compressee_possible,30
366,0x5b8000,0x5bbfff,7.1509,0.0612,0.0352,137,125,9,3,12,19,282,1360,1,114,10,zone_compressee_possible,30
367,0x5bc000,0x5bffff,7.1163,0.0623,0.0347,112,99,9,4,9,14,267,1309,0,137,12,zone_compressee_possible,30
368,0x5c0000,0x5c3fff,7.6365,0.0157,0.0170,29,18,8,3,12,17,334,1617,1,127,14,zone_texte_possible,25
369,0x5c4000,0x5c7fff,7.6454,0.0360,0.0156,58,31,16,11,12,20,191,842,10,127,9,zone_indeterminee,10
370,0x5c8000,0x5cbfff,7.5072,0.0400,0.0210,53,37,12,4,10,19,199,895,7,115,17,zone_indeterminee,10
371,0x5cc000,0x5cffff,7.5451,0.0336,0.0248,75,63,10,2,8,14,213,1015,1,113,12,zone_texte_possible,25
372,0x5d0000,0x5d3fff,7.1803,0.0449,0.0419,88,74,9,5,13,19,314,1470,0,121,14,zone_texte_possible,25
373,0x5d4000,0x5d7fff,7.6810,0.0146,0.0138,42,35,5,2,9,14,441,2098,0,104,16,table_texte_probable,54
374,0x5d8000,0x5dbfff,7.5031,0.0113,0.0239,42,24,11,7,8,14,268,1223,0,108,17,zone_texte_possible,25
375,0x5dc000,0x5dffff,7.4561,0.0252,0.0230,76,62,11,3,4,61,250,1175,0,125,6,zone_texte_possible,25
376,0x5e0000,0x5e3fff,7.3582,0.0443,0.0325,88,73,12,3,9,13,257,1221,1,112,8,zone_texte_possible,25
377,0x5e4000,0x5e7fff,7.5449,0.0164,0.0245,66,44,19,3,8,13,254,1170,1,124,12,zone_texte_possible,25
378,0x5e8000,0x5ebfff,7.2040,0.0362,0.0400,99,85,11,3,11,20,321,1534,1,129,8,zone_texte_possible,25
379,0x5ec000,0x5effff,7.1612,0.0496,0.0390,90,74,12,4,11,21,342,1592,1,116,15,table_texte_probable,50
380,0x5f0000,0x5f3fff,6.6995,0.1039,0.0419,168,156,9,3,10,13,314,1555,9,103,8,zone_compressee_possible,30
381,0x5f4000,0x5f7fff,7.6387,0.0169,0.0182,72,58,8,6,8,14,228,1083,1,113,10,zone_texte_possible,25
382,0x5f8000,0x5fbfff,7.6547,0.0338,0.0161,112,92,13,7,12,17,183,846,1,137,8,zone_compressee_possible,30
383,0x5fc000,0x5fffff,7.3441,0.0224,0.0361,75,55,14,6,5,11,274,1302,0,101,9,zone_texte_possible,25
384,0x600000,0x603fff,7.4074,0.0271,0.0377,62,53,9,0,31,100,266,1292,1,122,11,zone_texte_possible,25
385,0x604000,0x607fff,7.3639,0.0342,0.0403,61,51,6,4,17,32,280,1367,0,114,11,zone_texte_possible,25
386,0x608000,0x60bfff,7.0500,0.0470,0.0403,117,92,22,3,20,27,374,1824,0,108,5,table_texte_probable,51
387,0x60c000,0x60ffff,7.4426,0.0143,0.0223,66,47,12,7,18,24,338,1616,0,103,4,zone_texte_possible,25
388,0x610000,0x613fff,7.6996,0.0244,0.0196,86,66,16,4,11,14,186,808,0,122,8,zone_indeterminee,10
389,0x614000,0x617fff,7.6131,0.0167,0.0213,77,60,12,5,10,17,190,878,1,139,4,zone_indeterminee,10
390,0x618000,0x61bfff,7.4156,0.0239,0.0259,106,76,22,8,14,23,108,485,0,116,8,zone_compressee_possible,30
391,0x61c000,0x61ffff,7.7708,0.0162,0.0093,66,51,9,6,12,20,127,570,3,118,4,zone_indeterminee,10
392,0x620000,0x623fff,7.8059,0.0098,0.0060,21,15,2,4,12,17,96,406,2,98,7,zone_indeterminee,10
393,0x624000,0x627fff,6.9690,0.1083,0.0286,160,142,16,2,8,13,163,756,22,117,13,zone_compressee_possible,30
394,0x628000,0x62bfff,7.6431,0.0114,0.0075,18,10,5,3,8,17,123,522,3,115,7,zone_indeterminee,10
395,0x62c000,0x62ffff,7.6850,0.0127,0.0089,50,40,7,3,8,19,110,464,1,126,6,zone_indeterminee,10
396,0x630000,0x633fff,7.3649,0.1218,0.0078,47,32,11,4,25,31,41,173,103,126,11,zone_indeterminee,10
397,0x634000,0x637fff,7.7815,0.0206,0.0089,41,28,12,1,12,17,105,459,3,124,7,zone_indeterminee,10
398,0x638000,0x63bfff,7.6499,0.0112,0.0106,78,62,12,4,13,19,103,453,1,121,8,zone_indeterminee,10
399,0x63c000,0x63ffff,7.6646,0.0273,0.0118,82,71,8,3,9,15,166,726,3,110,7,zone_indeterminee,10
400,0x640000,0x643fff,7.4011,0.0200,0.0172,81,68,9,4,16,31,261,1117,1,115,14,zone_texte_possible,25
401,0x644000,0x647fff,7.6623,0.0190,0.0113,149,144,3,2,14,22,133,608,3,115,6,zone_compressee_possible,30
402,0x648000,0x64bfff,7.5350,0.0140,0.0107,51,40,10,1,9,16,256,1079,1,118,5,zone_texte_possible,25
403,0x64c000,0x64ffff,7.0038,0.0128,0.0205,64,41,16,7,15,24,247,1088,1,143,5,zone_texte_possible,25
404,0x650000,0x653fff,7.4347,0.0206,0.0149,74,53,15,6,20,27,76,319,0,124,12,zone_indeterminee,10
405,0x654000,0x657fff,7.4067,0.0231,0.0177,94,76,14,4,18,22,82,338,3,114,4,zone_indeterminee,10
406,0x658000,0x65bfff,7.1611,0.0206,0.0236,54,44,7,3,6,10,319,1401,1,135,18,zone_texte_possible,25
407,0x65c000,0x65ffff,7.2862,0.0192,0.0134,82,63,16,3,8,15,121,516,3,117,6,zone_indeterminee,10
408,0x660000,0x663fff,6.8526,0.0162,0.0141,26,23,3,0,34,49,631,2789,1,108,11,table_texte_probable,64
409,0x664000,0x667fff,7.5115,0.0231,0.0153,98,75,17,6,34,46,89,377,4,110,7,zone_indeterminee,10
410,0x668000,0x66bfff,7.3358,0.0095,0.0092,55,36,16,3,26,30,72,293,1,117,12,zone_indeterminee,10
411,0x66c000,0x66ffff,7.5206,0.0176,0.0131,66,57,9,0,9,14,113,478,3,141,9,zone_indeterminee,10
412,0x670000,0x673fff,7.3096,0.0223,0.0190,80,62,12,6,15,20,149,686,2,109,11,zone_indeterminee,10
413,0x674000,0x677fff,7.7525,0.0135,0.0127,82,68,10,4,12,16,57,265,1,121,4,zone_indeterminee,10
414,0x678000,0x67bfff,7.1541,0.0197,0.0221,95,69,20,6,13,18,89,385,4,116,3,zone_indeterminee,10
415,0x67c000,0x67ffff,7.7651,0.0120,0.0071,39,24,11,4,8,16,112,486,0,114,4,zone_indeterminee,10
416,0x680000,0x683fff,7.4145,0.0158,0.0117,53,41,8,4,15,24,190,821,2,106,10,zone_indeterminee,10
417,0x684000,0x687fff,7.4501,0.0122,0.0140,54,36,9,9,10,16,252,1076,2,99,16,zone_texte_possible,25
418,0x688000,0x68bfff,7.7986,0.0105,0.0054,23,18,4,1,10,16,115,494,3,124,9,zone_indeterminee,10
419,0x68c000,0x68ffff,7.5151,0.0112,0.0095,38,29,7,2,4,8,171,721,3,107,11,zone_indeterminee,10
420,0x690000,0x693fff,7.0966,0.0186,0.0176,55,44,6,5,5,10,319,1406,3,131,9,zone_texte_possible,25
421,0x694000,0x697fff,7.2262,0.0054,0.0078,31,17,8,6,9,12,274,1187,0,143,19,zone_texte_possible,25
422,0x698000,0x69bfff,7.6456,0.0204,0.0150,72,58,11,3,11,24,116,494,3,136,15,zone_indeterminee,10
423,0x69c000,0x69ffff,7.5340,0.0371,0.0203,110,85,15,10,6,8,138,669,12,119,17,zone_compressee_possible,30
424,0x6a0000,0x6a3fff,7.5344,0.0113,0.0057,73,26,29,18,6,54,536,3518,0,124,15,table_texte_probable,59
425,0x6a4000,0x6a7fff,7.6728,0.0269,0.0081,55,22,21,12,6,17,375,2774,6,95,16,table_texte_probable,51
426,0x6a8000,0x6abfff,7.6114,0.0206,0.0070,66,26,26,14,4,13,455,2449,4,151,10,table_texte_probable,55
427,0x6ac000,0x6affff,7.6801,0.0223,0.0067,106,51,34,21,7,42,432,3012,3,156,16,table_texte_probable,54
428,0x6b0000,0x6b3fff,7.9074,0.0156,0.0055,36,21,5,10,9,21,427,5502,4,137,15,table_texte_probable,54
429,0x6b4000,0x6b7fff,7.2069,0.0356,0.0019,42,15,16,11,339,474,384,1911,1,127,11,table_texte_probable,52
430,0x6b8000,0x6bbfff,6.0752,0.0259,0.0003,15,2,3,10,264,374,0,0,3,128,21,table_pointeurs_probable,47
431,0x6bc000,0x6bffff,6.2742,0.0193,0.1204,11,4,2,5,170,253,0,0,143,107,10,table_pointeurs_probable,45
432,0x6c0000,0x6c3fff,3.4046,0.5012,0.1815,1,0,1,0,38,46,42,426,717,128,23,structures_repetees_possible,48
433,0x6c4000,0x6c7fff,2.0463,0.0046,0.7685,2,1,1,0,23,23,0,0,787,110,10,structures_repetees_possible,50
434,0x6c8000,0x6cbfff,4.5707,0.2636,0.2449,27,2,25,0,67,76,0,0,542,131,16,structures_repetees_possible,42
435,0x6cc000,0x6cffff,0.5900,0.8928,0.0000,0,0,0,0,2,2,0,0,1024,119,18,structures_repetees_possible,58
436,0x6d0000,0x6d3fff,0.5164,0.9204,0.0156,0,0,0,0,4,4,0,0,1024,131,19,padding_probable,85
437,0x6d4000,0x6d7fff,-0.0000,1.0000,0.0000,0,0,0,0,6,8,0,0,1024,123,14,padding_probable,85
438,0x6d8000,0x6dbfff,-0.0000,1.0000,0.0000,0,0,0,0,3,3,0,0,1024,145,16,padding_probable,85
439,0x6dc000,0x6dffff,3.5246,0.3107,0.3587,2,0,2,0,37,40,0,0,681,173,14,structures_repetees_possible,47
440,0x6e0000,0x6e3fff,5.0205,0.0186,0.3079,14,1,2,11,46,53,0,0,317,141,13,zone_indeterminee,10
441,0x6e4000,0x6e7fff,3.3257,0.0104,0.5887,1,1,0,0,38,40,0,0,609,131,14,structures_repetees_possible,44
442,0x6e8000,0x6ebfff,3.6700,0.0071,0.5634,5,4,1,0,70,86,0,0,588,144,15,structures_repetees_possible,44
443,0x6ec000,0x6effff,3.8167,0.0142,0.5310,17,0,1,16,51,57,0,0,548,166,11,structures_repetees_possible,42
444,0x6f0000,0x6f3fff,0.8066,0.0007,0.9226,0,0,0,0,25,27,0,0,944,122,6,padding_probable,85
445,0x6f4000,0x6f7fff,5.1021,0.0096,0.3546,12,0,10,2,52,79,0,0,377,136,9,zone_indeterminee,10
446,0x6f8000,0x6fbfff,5.8387,0.0225,0.1579,43,10,26,7,77,83,1,12,268,147,17,zone_indeterminee,10
447,0x6fc000,0x6fffff,7.6956,0.0565,0.0099,105,41,34,30,36,71,199,1121,55,147,9,zone_compressee_possible,30
448,0x700000,0x703fff,6.8233,0.1385,0.0149,389,169,158,62,18,85,84,392,28,147,49,zone_compressee_possible,30
449,0x704000,0x707fff,7.1241,0.0751,0.0113,342,126,151,65,6,6,154,740,0,120,28,zone_compressee_possible,30
450,0x708000,0x70bfff,7.0304,0.0959,0.0088,345,127,137,81,10,10,153,708,0,161,48,zone_compressee_possible,30
451,0x70c000,0x70ffff,7.0946,0.0821,0.0087,423,180,178,65,11,13,163,779,2,124,62,zone_compressee_possible,30
452,0x710000,0x713fff,7.0814,0.0872,0.0107,336,164,113,59,5,6,276,1353,61,130,55,zone_compressee_possible,30
453,0x714000,0x717fff,6.9109,0.1417,0.0164,472,243,142,87,2,2,186,846,5,144,21,zone_compressee_possible,30
454,0x718000,0x71bfff,5.3545,0.0874,0.3649,153,70,48,35,15,17,58,355,370,157,19,zone_compressee_possible,30
455,0x71c000,0x71ffff,4.1240,0.4020,0.2017,246,154,79,13,11,44,61,394,478,160,7,structures_repetees_possible,40
456,0x720000,0x723fff,3.9525,0.1049,0.3057,2334,1,14,2319,66,122,15,103,758,148,9,structures_repetees_possible,49
457,0x724000,0x727fff,4.3567,0.0176,0.1404,2491,2,236,2253,22,99,102,872,647,149,12,structures_repetees_possible,46
458,0x728000,0x72bfff,4.9108,0.0823,0.0348,1144,12,523,609,47,53,109,1281,433,152,8,zone_compressee_possible,30
459,0x72c000,0x72ffff,4.6805,0.0558,0.0232,652,11,1,640,15,17,48,1001,518,136,6,structures_repetees_possible,41
460,0x730000,0x733fff,4.8936,0.0658,0.1047,1183,9,18,1156,51,75,47,316,429,149,17,zone_compressee_possible,30
461,0x734000,0x737fff,4.6624,0.0257,0.0271,1336,1,56,1279,28,31,74,632,256,148,10,zone_compressee_possible,30
462,0x738000,0x73bfff,3.9608,0.0853,0.0101,1135,1,52,1082,11,17,112,990,418,126,13,zone_compressee_possible,30
463,0x73c000,0x73ffff,4.1792,0.3436,0.2240,394,76,57,261,52,112,52,478,633,124,7,structures_repetees_possible,45
464,0x740000,0x743fff,5.0655,0.0583,0.1414,53,10,4,39,44,84,33,217,649,122,11,structures_repetees_possible,46
465,0x744000,0x747fff,5.0028,0.0502,0.1858,22,12,8,2,42,53,13,71,517,124,7,structures_repetees_possible,41
466,0x748000,0x74bfff,5.2170,0.0572,0.0299,32,17,2,13,46,50,35,235,466,137,7,structures_repetees_possible,40
467,0x74c000,0x74ffff,5.6368,0.1130,0.0155,25,10,8,7,38,44,13,82,186,143,10,zone_indeterminee,10
468,0x750000,0x753fff,6.0456,0.2065,0.0494,126,16,39,71,61,434,141,1718,106,136,18,zone_compressee_possible,30
469,0x754000,0x757fff,6.8538,0.1197,0.0300,193,105,40,48,81,103,144,799,46,134,14,zone_compressee_possible,30
470,0x758000,0x75bfff,5.4152,0.3355,0.0192,276,73,181,22,27,27,203,1437,157,137,16,zone_compressee_possible,30
471,0x75c000,0x75ffff,6.0787,0.2260,0.0059,221,81,104,36,40,49,206,1590,43,154,13,zone_compressee_possible,30
472,0x760000,0x763fff,5.7647,0.2177,0.0258,157,21,90,46,60,72,32,186,292,150,21,zone_compressee_possible,30
473,0x764000,0x767fff,4.7809,0.0557,0.0456,25,11,11,3,49,70,1,9,493,135,14,structures_repetees_possible,41
474,0x768000,0x76bfff,2.6362,0.0060,0.0004,3,1,1,1,18,19,0,0,914,183,19,structures_repetees_possible,55
475,0x76c000,0x76ffff,3.4834,0.0211,0.0040,1,1,0,0,24,27,0,0,835,142,12,structures_repetees_possible,52
476,0x770000,0x773fff,5.7901,0.1086,0.0602,80,10,54,16,121,154,40,346,197,130,6,zone_indeterminee,10
477,0x774000,0x777fff,4.2336,0.0513,0.4477,210,2,160,48,92,128,45,372,480,169,17,structures_repetees_possible,40
478,0x778000,0x77bfff,5.4536,0.0449,0.1246,265,20,6,239,84,101,31,204,309,148,12,zone_compressee_possible,30
479,0x77c000,0x77ffff,4.3297,0.0360,0.3592,770,1,0,769,60,71,8,66,563,132,17,structures_repetees_possible,43
480,0x780000,0x783fff,5.6282,0.1193,0.0201,707,12,53,642,60,64,21,122,133,121,8,zone_compressee_possible,30
481,0x784000,0x787fff,4.5811,0.0891,0.0017,879,11,95,773,17,20,82,685,546,133,21,structures_repetees_possible,42
482,0x788000,0x78bfff,5.2747,0.3397,0.0171,111,90,17,4,86,113,36,285,209,142,12,zone_compressee_possible,30
483,0x78c000,0x78ffff,5.5057,0.1219,0.2099,16,12,2,2,129,138,3,14,190,164,17,zone_indeterminee,10
484,0x790000,0x793fff,4.3035,0.1545,0.3766,13,7,3,3,63,266,18,126,461,141,17,zone_indeterminee,10
485,0x794000,0x797fff,4.3973,0.1114,0.0075,9,4,3,2,31,38,1,10,790,156,16,structures_repetees_possible,50
486,0x798000,0x79bfff,2.9340,0.3041,0.0000,0,0,0,0,7,9,1,6,966,141,20,structures_repetees_possible,56
487,0x79c000,0x79ffff,3.2833,0.1313,0.0001,1,1,0,0,7,11,5,35,924,146,23,structures_repetees_possible,55
488,0x7a0000,0x7a3fff,5.2345,0.1193,0.1086,30,19,10,1,33,36,1,4,533,150,15,structures_repetees_possible,42
489,0x7a4000,0x7a7fff,6.4552,0.1777,0.0209,251,130,76,45,59,66,119,682,32,156,12,zone_compressee_possible,30
490,0x7a8000,0x7abfff,4.9554,0.3180,0.0976,76,59,10,7,59,72,21,136,297,226,16,zone_indeterminee,10
491,0x7ac000,0x7affff,4.7724,0.0762,0.0006,12,10,0,2,9,12,51,287,505,218,13,structures_repetees_possible,41
492,0x7b0000,0x7b3fff,4.6706,0.3805,0.0791,198,45,29,124,62,77,46,323,474,178,10,structures_repetees_possible,40
493,0x7b4000,0x7b7fff,5.2609,0.3118,0.0170,778,46,23,709,82,93,50,479,304,151,6,zone_compressee_possible,30
494,0x7b8000,0x7bbfff,5.7133,0.2270,0.0225,78,40,8,30,73,90,18,109,195,156,20,zone_indeterminee,10
495,0x7bc000,0x7bffff,5.6260,0.1245,0.0086,95,71,8,16,45,52,31,218,340,133,19,zone_indeterminee,10
496,0x7c0000,0x7c3fff,5.6679,0.1439,0.0775,48,17,10,21,61,135,0,0,45,167,21,zone_indeterminee,10
497,0x7c4000,0x7c7fff,5.7000,0.1471,0.0627,66,41,10,15,72,82,2,8,50,132,7,zone_indeterminee,10
498,0x7c8000,0x7cbfff,6.0659,0.2217,0.0231,158,123,22,13,51,52,151,902,26,174,17,zone_compressee_possible,30
499,0x7cc000,0x7cffff,6.2016,0.1097,0.0230,167,89,42,36,38,89,36,168,96,146,62,zone_compressee_possible,30
500,0x7d0000,0x7d3fff,5.6418,0.2977,0.0103,197,127,24,46,39,44,143,936,96,134,23,zone_compressee_possible,30
501,0x7d4000,0x7d7fff,5.7853,0.1581,0.0086,82,40,22,20,50,54,3,15,43,140,18,zone_indeterminee,10
502,0x7d8000,0x7dbfff,4.7463,0.1141,0.3094,22,6,7,9,33,34,0,0,319,138,11,zone_indeterminee,10
503,0x7dc000,0x7dffff,4.5904,0.1724,0.2206,18,17,1,0,26,27,1,6,576,151,13,structures_repetees_possible,43
504,0x7e0000,0x7e3fff,4.4641,0.1937,0.0011,42,0,0,42,8,8,25,175,625,185,19,structures_repetees_possible,45
505,0x7e4000,0x7e7fff,3.3013,0.0698,0.6000,34,17,11,6,16,18,11,55,613,177,14,structures_repetees_possible,45
506,0x7e8000,0x7ebfff,5.6650,0.1662,0.0656,32,15,0,17,67,90,2,8,59,155,18,zone_indeterminee,10
507,0x7ec000,0x7effff,5.5046,0.1299,0.1575,26,8,12,6,90,103,3,12,153,186,21,zone_indeterminee,10
508,0x7f0000,0x7f3fff,5.7171,0.1582,0.0845,83,27,30,26,75,82,8,36,81,161,8,zone_indeterminee,10
509,0x7f4000,0x7f7fff,5.7193,0.1700,0.0137,84,44,18,22,67,69,3,13,5,156,11,zone_indeterminee,10
510,0x7f8000,0x7fbfff,5.0721,0.1211,0.2287,32,21,5,6,58,64,4,16,229,187,16,zone_indeterminee,10
511,0x7fc000,0x7fffff,5.1013,0.2942,0.0091,69,23,20,26,65,80,2,11,264,155,17,zone_indeterminee,10
512,0x800000,0x803fff,6.8698,0.1667,0.0446,94,51,23,20,100,198,96,2012,181,171,28,zone_indeterminee,10
513,0x804000,0x807fff,7.6300,0.0051,0.0132,29,7,13,9,10,17,196,4058,1,137,10,zone_indeterminee,10
514,0x808000,0x80bfff,7.5574,0.0040,0.0195,15,4,4,7,10,11,264,3791,0,178,12,zone_texte_possible,25
515,0x80c000,0x80ffff,6.5376,0.0571,0.2140,72,30,28,14,36,47,148,1916,283,204,25,zone_indeterminee,10
516,0x810000,0x813fff,4.2504,0.4105,0.1818,89,35,39,15,80,99,68,548,546,179,40,structures_repetees_possible,42
517,0x814000,0x817fff,2.9539,0.6762,0.0068,75,19,7,49,46,53,98,840,640,171,9,structures_repetees_possible,45
518,0x818000,0x81bfff,3.1469,0.6372,0.0039,138,10,64,64,33,36,190,1254,550,107,9,structures_repetees_possible,42
519,0x81c000,0x81ffff,5.7040,0.2383,0.0668,146,60,49,37,52,57,136,1873,265,144,25,zone_compressee_possible,30
520,0x820000,0x823fff,6.1206,0.1428,0.1254,228,97,103,28,55,117,86,503,329,150,29,zone_compressee_possible,30
521,0x824000,0x827fff,5.6507,0.1727,0.0732,102,45,40,17,74,124,271,3157,434,155,19,zone_compressee_possible,30
522,0x828000,0x82bfff,3.3310,0.6137,0.0240,82,4,29,49,50,61,113,802,535,162,25,structures_repetees_possible,42
523,0x82c000,0x82ffff,5.8162,0.3225,0.0095,141,70,37,34,56,75,180,1054,239,184,57,zone_compressee_possible,30
524,0x830000,0x833fff,5.5167,0.2397,0.0279,157,24,74,59,125,175,64,323,456,139,64,zone_compressee_possible,30
525,0x834000,0x837fff,6.8410,0.1605,0.0083,225,122,66,37,41,50,331,1634,105,148,42,zone_compressee_possible,30
526,0x838000,0x83bfff,5.7318,0.3187,0.0203,226,105,59,62,18,25,193,1032,287,149,38,zone_compressee_possible,30
527,0x83c000,0x83ffff,6.4113,0.0717,0.0167,208,100,61,47,8,8,326,1814,94,148,33,zone_compressee_possible,30
528,0x840000,0x843fff,5.8888,0.2505,0.0472,241,153,52,36,23,53,178,1071,215,137,93,zone_compressee_possible,30
529,0x844000,0x847fff,2.8102,0.6990,0.0019,90,78,6,6,37,42,61,636,637,129,20,structures_repetees_possible,45
530,0x848000,0x84bfff,2.9873,0.6655,0.0010,55,40,7,8,35,37,123,1157,599,175,14,structures_repetees_possible,44
531,0x84c000,0x84ffff,2.9253,0.6761,0.0019,86,78,4,4,35,35,94,903,674,127,11,structures_repetees_possible,47
532,0x850000,0x853fff,2.9014,0.6650,0.0469,89,64,9,16,48,54,75,763,697,134,11,structures_repetees_possible,47
533,0x854000,0x857fff,2.7390,0.6925,0.0016,92,37,39,16,41,44,121,1046,632,125,13,structures_repetees_possible,45
534,0x858000,0x85bfff,2.7326,0.6724,0.0000,129,62,18,49,34,34,124,1242,653,119,13,structures_repetees_possible,46
535,0x85c000,0x85ffff,3.0717,0.6587,0.0012,99,94,5,0,35,35,82,582,625,131,16,structures_repetees_possible,45
536,0x860000,0x863fff,3.0420,0.6732,0.0037,59,25,3,31,47,49,66,512,674,128,13,structures_repetees_possible,47
537,0x864000,0x867fff,2.8968,0.6738,0.0024,30,0,0,30,53,198,105,919,688,122,19,structures_repetees_possible,47
538,0x868000,0x86bfff,3.0238,0.6690,0.0046,75,21,9,45,36,36,134,1265,759,107,14,structures_repetees_possible,49
539,0x86c000,0x86ffff,2.9488,0.6542,0.0346,111,13,28,70,33,33,104,816,781,112,12,structures_repetees_possible,50
540,0x870000,0x873fff,2.7955,0.6823,0.0001,108,7,33,68,47,56,96,652,718,123,10,structures_repetees_possible,48
541,0x874000,0x877fff,4.1146,0.5294,0.0128,112,35,52,25,42,70,80,642,413,121,18,zone_compressee_possible,30
542,0x878000,0x87bfff,4.2362,0.4885,0.0260,50,20,21,9,4,4,0,0,153,131,15,zone_indeterminee,10
543,0x87c000,0x87ffff,5.4775,0.2322,0.1461,200,29,78,93,157,215,22,103,440,113,64,zone_compressee_possible,30
544,0x880000,0x883fff,3.0609,0.6720,0.0179,63,12,18,33,73,110,82,543,592,121,9,structures_repetees_possible,44
545,0x884000,0x887fff,5.0257,0.4047,0.0550,88,25,41,22,74,97,146,752,512,121,11,structures_repetees_possible,41
546,0x888000,0x88bfff,4.6475,0.2451,0.2527,69,21,40,8,80,121,155,1279,624,126,23,structures_repetees_possible,45
547,0x88c000,0x88ffff,2.8352,0.6881,0.0211,16,15,1,0,31,36,95,612,649,112,13,structures_repetees_possible,46
548,0x890000,0x893fff,3.3583,0.6173,0.0438,74,15,29,30,53,60,123,882,655,104,31,structures_repetees_possible,46
549,0x894000,0x897fff,3.1481,0.6629,0.0055,110,75,18,17,40,49,118,894,669,119,26,structures_repetees_possible,46
550,0x898000,0x89bfff,1.8753,0.8112,0.0093,122,76,1,45,25,36,58,446,752,132,16,structures_repetees_possible,49
551,0x89c000,0x89ffff,3.1424,0.6547,0.0128,137,18,57,62,35,41,91,572,683,110,32,structures_repetees_possible,47
552,0x8a0000,0x8a3fff,4.1832,0.5182,0.0455,155,23,49,83,76,122,75,456,557,143,59,structures_repetees_possible,43
553,0x8a4000,0x8a7fff,5.4036,0.2833,0.0576,84,23,45,16,52,54,170,1780,353,117,46,zone_indeterminee,10
554,0x8a8000,0x8abfff,6.0395,0.2211,0.0940,89,36,40,13,123,165,63,359,205,132,48,zone_indeterminee,10
555,0x8ac000,0x8affff,6.6703,0.1131,0.0682,139,59,57,23,20,20,158,784,87,126,81,zone_compressee_possible,30
556,0x8b0000,0x8b3fff,5.2120,0.0819,0.3758,110,49,32,29,36,52,109,541,423,118,44,zone_compressee_possible,30
557,0x8b4000,0x8b7fff,5.6898,0.0836,0.2624,202,70,84,48,108,147,45,224,285,171,102,zone_compressee_possible,30
558,0x8b8000,0x8bbfff,6.3671,0.0854,0.1108,236,85,122,29,151,179,73,378,93,115,113,zone_compressee_possible,30
559,0x8bc000,0x8bffff,6.2153,0.0781,0.1597,256,77,106,73,129,139,120,605,165,127,91,zone_compressee_possible,30
560,0x8c0000,0x8c3fff,5.0826,0.1631,0.0182,185,61,72,52,112,123,31,141,394,139,35,zone_compressee_possible,30
561,0x8c4000,0x8c7fff,4.1138,0.3707,0.0081,14,0,11,3,48,52,222,2523,688,159,20,structures_repetees_possible,47
562,0x8c8000,0x8cbfff,5.3501,0.1375,0.2684,126,71,29,26,65,77,27,144,393,145,35,zone_compressee_possible,30
563,0x8cc000,0x8cffff,5.7076,0.1417,0.1215,80,53,6,21,64,77,6,24,155,123,22,zone_indeterminee,10
564,0x8d0000,0x8d3fff,3.2722,0.0624,0.6197,35,12,7,16,27,43,18,90,646,119,42,structures_repetees_possible,46
565,0x8d4000,0x8d7fff,0.6660,0.8837,0.0103,0,0,0,0,3,3,0,0,1023,126,14,structures_repetees_possible,58
566,0x8d8000,0x8dbfff,1.3095,0.5994,0.3286,0,0,0,0,1,1,0,0,1024,124,17,structures_repetees_possible,58
567,0x8dc000,0x8dffff,1.1268,0.3034,0.6600,0,0,0,0,3,3,0,0,1023,143,21,structures_repetees_possible,58
568,0x8e0000,0x8e3fff,0.5895,0.8929,0.0000,0,0,0,0,3,3,0,0,1024,127,14,structures_repetees_possible,58
569,0x8e4000,0x8e7fff,1.1935,0.7144,0.1999,0,0,0,0,4,4,0,0,1024,123,19,structures_repetees_possible,58
570,0x8e8000,0x8ebfff,0.5900,0.8928,0.0000,0,0,0,0,3,3,0,0,1024,123,10,structures_repetees_possible,58
571,0x8ec000,0x8effff,1.1937,0.7143,0.1999,0,0,0,0,9,24,0,0,1024,132,5,structures_repetees_possible,58
572,0x8f0000,0x8f3fff,0.5895,0.8929,0.0000,0,0,0,0,1,1,0,0,1024,130,4,structures_repetees_possible,58
573,0x8f4000,0x8f7fff,1.1935,0.7144,0.1999,0,0,0,0,4,5,0,0,1024,110,11,structures_repetees_possible,58
574,0x8f8000,0x8fbfff,0.9396,0.8229,0.0784,0,0,0,0,0,0,0,0,1024,120,5,structures_repetees_possible,58
575,0x8fc000,0x8fffff,-0.0000,0.0000,1.0000,0,0,0,0,2,4,0,0,1024,251,10,padding_probable,85
576,0x900000,0x903fff,4.6003,0.2420,0.2637,219,126,59,34,19,41,0,0,282,140,7,zone_compressee_possible,30
577,0x904000,0x907fff,5.9245,0.0729,0.1932,204,88,97,19,164,193,34,179,190,135,33,zone_compressee_possible,30
578,0x908000,0x90bfff,6.4948,0.0825,0.0894,184,47,101,36,167,197,93,615,84,158,70,zone_compressee_possible,30
579,0x90c000,0x90ffff,6.3248,0.0889,0.1116,205,68,94,43,184,202,81,447,92,128,42,zone_compressee_possible,30
580,0x910000,0x913fff,5.3363,0.2206,0.0787,146,91,19,36,154,197,30,138,89,170,4,zone_compressee_possible,30
581,0x914000,0x917fff,4.9931,0.2053,0.2046,85,51,24,10,107,147,37,168,221,170,7,zone_indeterminee,10
582,0x918000,0x91bfff,4.8732,0.1928,0.2284,91,47,28,16,119,155,15,68,242,167,5,zone_indeterminee,10
583,0x91c000,0x91ffff,5.1575,0.2697,0.0568,146,75,40,31,90,153,16,68,86,139,5,zone_compressee_possible,30
584,0x920000,0x923fff,5.1373,0.1705,0.0200,69,63,4,2,173,196,3,12,38,150,7,zone_indeterminee,10
585,0x924000,0x927fff,5.1330,0.2797,0.0378,93,47,30,16,91,152,16,67,115,194,4,zone_indeterminee,10
586,0x928000,0x92bfff,5.1874,0.2306,0.0936,124,94,16,14,101,172,16,71,130,164,5,zone_compressee_possible,30
587,0x92c000,0x92ffff,0.7521,0.0027,0.9336,19,10,3,6,4,4,0,0,954,170,6,padding_probable,85
588,0x930000,0x933fff,7.0123,0.0542,0.0211,410,137,232,41,23,25,301,1692,14,126,13,zone_compressee_possible,30
589,0x934000,0x937fff,7.0404,0.0678,0.0104,484,143,302,39,14,18,302,1779,9,118,4,zone_compressee_possible,30
590,0x938000,0x93bfff,6.0927,0.0573,0.2427,382,145,194,43,11,12,240,1366,239,135,9,zone_compressee_possible,30
591,0x93c000,0x93ffff,6.8317,0.0691,0.0400,672,147,477,48,12,12,390,2584,63,139,17,table_texte_probable,52
592,0x940000,0x943fff,6.4291,0.1366,0.0310,430,265,109,56,67,82,286,1567,56,143,32,zone_compressee_possible,30
593,0x944000,0x947fff,7.3404,0.0633,0.0103,127,68,44,15,5,5,139,651,0,160,11,zone_compressee_possible,30
594,0x948000,0x94bfff,6.9644,0.0761,0.0202,320,137,150,33,16,16,503,3104,15,207,5,table_texte_probable,58
595,0x94c000,0x94ffff,6.7138,0.1020,0.0428,547,257,223,67,53,57,221,1261,33,149,16,zone_compressee_possible,30
596,0x950000,0x953fff,6.0338,0.1806,0.1060,116,58,50,8,9,506,35,217,99,167,21,zone_compressee_possible,30
597,0x954000,0x957fff,5.8068,0.2247,0.0208,109,97,4,8,2,2,0,0,17,224,7,zone_compressee_possible,30
598,0x958000,0x95bfff,5.0537,0.1711,0.2618,73,57,4,12,2,2,0,0,261,193,10,zone_indeterminee,10
599,0x95c000,0x95ffff,1.5699,0.0216,0.8286,4,0,0,4,3,3,18,111,901,187,7,structures_repetees_possible,54
600,0x960000,0x963fff,4.8761,0.3604,0.0578,85,26,44,15,22,42,90,824,336,178,19,zone_indeterminee,10
601,0x964000,0x967fff,6.3737,0.1176,0.0198,410,215,178,17,410,562,70,285,47,187,42,table_pointeurs_probable,51
602,0x968000,0x96bfff,5.9211,0.1088,0.0134,278,143,123,12,348,375,25,101,17,182,20,table_pointeurs_probable,47
603,0x96c000,0x96ffff,6.4597,0.1280,0.0065,214,104,90,20,211,323,32,130,39,156,12,table_pointeurs_probable,46
604,0x970000,0x973fff,5.6610,0.2098,0.0171,115,49,36,30,118,159,23,113,64,199,26,zone_compressee_possible,30
605,0x974000,0x977fff,5.3848,0.2425,0.0245,127,81,25,21,158,224,34,160,140,189,19,zone_compressee_possible,30
606,0x978000,0x97bfff,5.3431,0.2561,0.0208,140,71,36,33,137,207,30,141,117,194,26,zone_compressee_possible,30
607,0x97c000,0x97ffff,5.1479,0.2875,0.0210,205,127,35,43,95,140,23,105,247,203,25,zone_compressee_possible,30
608,0x980000,0x983fff,5.1633,0.2669,0.0195,129,69,35,25,119,189,24,100,140,206,11,zone_compressee_possible,30
609,0x984000,0x987fff,5.3357,0.2388,0.0263,92,56,25,11,125,198,19,87,224,226,10,zone_indeterminee,10
610,0x988000,0x98bfff,5.4017,0.2518,0.0208,110,51,25,34,127,186,30,142,81,236,9,zone_compressee_possible,30
611,0x98c000,0x98ffff,5.4295,0.2474,0.0265,173,85,46,42,116,173,18,80,65,182,15,zone_compressee_possible,30
612,0x990000,0x993fff,5.1057,0.2941,0.0205,271,141,110,20,141,238,29,134,73,214,17,table_pointeurs_probable,45
613,0x994000,0x997fff,5.1323,0.2849,0.0249,227,58,124,45,105,154,28,121,108,176,13,zone_compressee_possible,30
614,0x998000,0x99bfff,5.3994,0.2553,0.0248,180,91,26,63,149,253,30,125,53,205,12,table_pointeurs_probable,45
615,0x99c000,0x99ffff,5.8002,0.1787,0.0200,173,126,14,33,115,265,22,98,68,201,20,table_pointeurs_probable,45
616,0x9a0000,0x9a3fff,6.3925,0.1316,0.0109,161,55,70,36,350,405,33,147,46,180,36,table_pointeurs_probable,48
617,0x9a4000,0x9a7fff,6.8830,0.0949,0.0111,66,8,41,17,124,133,122,570,0,172,94,zone_indeterminee,10
618,0x9a8000,0x9abfff,6.9969,0.0748,0.0142,70,12,45,13,14,18,218,1039,5,201,116,zone_texte_possible,25
619,0x9ac000,0x9affff,6.9674,0.0591,0.0109,97,35,51,11,102,139,165,779,4,155,48,zone_indeterminee,10
620,0x9b0000,0x9b3fff,6.8308,0.0713,0.0073,82,13,54,15,97,234,130,610,8,170,38,table_pointeurs_probable,45
621,0x9b4000,0x9b7fff,6.9954,0.0738,0.0101,96,11,54,31,44,64,271,1337,4,168,46,zone_texte_possible,25
622,0x9b8000,0x9bbfff,6.9086,0.0638,0.0131,88,13,65,10,51,58,210,974,4,145,48,zone_texte_possible,25
623,0x9bc000,0x9bffff,6.9994,0.0828,0.0084,102,13,71,18,30,31,215,1049,2,152,92,zone_compressee_possible,30
624,0x9c0000,0x9c3fff,6.7930,0.0968,0.0180,132,37,72,23,31,41,119,549,5,150,202,zone_compressee_possible,30
625,0x9c4000,0x9c7fff,6.9536,0.0914,0.0166,32,5,15,12,22,22,118,537,5,150,65,zone_indeterminee,10
626,0x9c8000,0x9cbfff,6.9122,0.0952,0.0140,90,20,55,15,40,41,235,1100,1,191,102,zone_texte_possible,25
627,0x9cc000,0x9cffff,7.0144,0.0790,0.0139,73,19,41,13,7,7,198,923,1,164,67,zone_indeterminee,10
628,0x9d0000,0x9d3fff,6.9186,0.0947,0.0129,47,5,31,11,12,18,218,997,2,159,66,zone_texte_possible,25
629,0x9d4000,0x9d7fff,6.9443,0.0930,0.0134,107,12,81,14,55,60,174,787,5,188,81,zone_compressee_possible,30
630,0x9d8000,0x9dbfff,6.9652,0.0915,0.0145,115,25,62,28,117,119,204,985,3,210,111,zone_compressee_possible,30
631,0x9dc000,0x9dffff,6.9390,0.0891,0.0168,103,25,53,25,24,26,208,989,2,174,105,zone_compressee_possible,30
632,0x9e0000,0x9e3fff,6.9504,0.0857,0.0075,107,16,66,25,37,45,197,953,24,184,70,zone_compressee_possible,30
633,0x9e4000,0x9e7fff,6.8992,0.0995,0.0113,121,38,66,17,20,23,190,895,2,180,111,zone_compressee_possible,30
634,0x9e8000,0x9ebfff,6.9848,0.0827,0.0123,89,6,65,18,35,35,244,1181,2,194,35,zone_texte_possible,25
635,0x9ec000,0x9effff,6.9347,0.0549,0.0095,81,17,55,9,61,64,286,1371,6,249,16,zone_texte_possible,25
636,0x9f0000,0x9f3fff,6.9365,0.0718,0.0155,122,27,81,14,88,104,227,1110,18,197,74,zone_compressee_possible,30
637,0x9f4000,0x9f7fff,6.9673,0.0874,0.0150,100,21,66,13,27,30,157,756,2,199,108,zone_compressee_possible,30
638,0x9f8000,0x9fbfff,6.9714,0.0756,0.0155,108,7,74,27,29,41,273,1405,3,206,32,zone_compressee_possible,30
639,0x9fc000,0x9fffff,6.9485,0.0582,0.0054,73,15,48,10,75,75,300,1504,23,211,27,zone_texte_possible,25
640,0xa00000,0xa03fff,6.8050,0.0871,0.0125,144,19,94,31,95,128,161,764,2,225,55,zone_compressee_possible,30
641,0xa04000,0xa07fff,6.8724,0.1003,0.0157,163,18,100,45,91,94,145,669,7,206,96,zone_compressee_possible,30
642,0xa08000,0xa0bfff,6.9333,0.0833,0.0132,147,22,90,35,108,117,232,1142,3,215,78,zone_compressee_possible,30
643,0xa0c000,0xa0ffff,6.9728,0.0861,0.0103,119,22,82,15,35,35,257,1313,3,217,61,zone_compressee_possible,30
644,0xa10000,0xa13fff,6.7519,0.1341,0.0230,74,24,40,10,22,22,146,653,1,202,101,zone_indeterminee,10
645,0xa14000,0xa17fff,6.7676,0.1121,0.0158,82,8,63,11,20,20,166,815,2,214,95,zone_indeterminee,10
646,0xa18000,0xa1bfff,6.9109,0.1036,0.0100,66,14,42,10,6,7,229,1132,0,210,62,zone_texte_possible,25
647,0xa1c000,0xa1ffff,6.5472,0.1315,0.0146,73,9,52,12,2,2,148,622,36,213,45,zone_indeterminee,10
648,0xa20000,0xa23fff,6.6469,0.0987,0.0166,58,5,45,8,14,45,117,505,39,183,44,zone_indeterminee,10
649,0xa24000,0xa27fff,6.4114,0.1286,0.0103,235,6,220,9,2,2,110,451,21,186,35,zone_compressee_possible,30
650,0xa28000,0xa2bfff,6.8626,0.1016,0.0199,140,10,128,2,3,5,131,616,25,202,47,zone_compressee_possible,30
651,0xa2c000,0xa2ffff,6.7210,0.1168,0.0161,114,28,73,13,1,1,122,562,4,236,115,zone_compressee_possible,30
652,0xa30000,0xa33fff,6.7505,0.1222,0.0170,65,23,38,4,5,5,120,529,5,171,86,zone_indeterminee,10
653,0xa34000,0xa37fff,5.6449,0.0980,0.1479,19,5,12,2,275,337,25,113,10,180,22,table_pointeurs_probable,47
654,0xa38000,0xa3bfff,4.4821,0.1328,0.0131,0,0,0,0,215,258,0,0,70,181,4,table_pointeurs_probable,45
655,0xa3c000,0xa3ffff,4.5144,0.1226,0.0126,0,0,0,0,210,226,0,0,45,213,5,zone_indeterminee,10
656,0xa40000,0xa43fff,4.7319,0.0615,0.2123,1,1,0,0,129,208,0,0,20,281,7,zone_indeterminee,10
657,0xa44000,0xa47fff,4.8761,0.1268,0.0369,0,0,0,0,606,629,0,0,0,212,2,table_pointeurs_probable,52
658,0xa48000,0xa4bfff,4.8533,0.1413,0.0220,9,9,0,0,322,368,0,0,12,246,3,table_pointeurs_probable,47
659,0xa4c000,0xa4ffff,5.2598,0.2126,0.0410,142,96,37,9,525,804,1,4,38,198,13,table_pointeurs_probable,56
660,0xa50000,0xa53fff,3.9346,0.5322,0.0286,46,10,11,25,67,138,8,50,316,239,5,zone_indeterminee,10
661,0xa54000,0xa57fff,5.1989,0.2798,0.0941,23,6,2,15,4,4,11,47,0,184,3,zone_indeterminee,10
662,0xa58000,0xa5bfff,4.7771,0.3137,0.0906,23,4,7,12,4,12,0,0,12,199,8,zone_indeterminee,10
663,0xa5c000,0xa5ffff,4.7148,0.3364,0.0892,11,0,3,8,4,4,2,8,1,225,7,zone_indeterminee,10
664,0xa60000,0xa63fff,4.7950,0.3082,0.0872,14,1,3,10,5,9,1,4,6,198,6,zone_indeterminee,10
665,0xa64000,0xa67fff,4.8660,0.2996,0.0904,22,0,1,21,4,4,0,0,5,214,15,zone_indeterminee,10
666,0xa68000,0xa6bfff,4.5726,0.4434,0.0383,55,28,16,11,118,198,7,46,238,187,16,zone_indeterminee,10
667,0xa6c000,0xa6ffff,5.3969,0.3110,0.0129,48,21,14,13,98,222,9,40,112,255,12,zone_indeterminee,10
668,0xa70000,0xa73fff,5.0201,0.3143,0.0560,30,12,10,8,54,57,1,5,2,270,26,zone_indeterminee,10
669,0xa74000,0xa77fff,5.0999,0.3387,0.0310,98,81,12,5,46,498,9,43,24,322,25,zone_indeterminee,10
670,0xa78000,0xa7bfff,5.1374,0.4241,0.0008,142,79,23,40,10,49,1,17,102,379,26,zone_compressee_possible,30
671,0xa7c000,0xa7ffff,3.0469,0.6656,0.0017,214,106,97,11,113,253,0,0,358,290,12,table_pointeurs_probable,45
672,0xa80000,0xa83fff,6.1188,0.2216,0.0122,398,168,185,45,58,58,338,1904,86,221,12,zone_compressee_possible,30
673,0xa84000,0xa87fff,6.4417,0.0950,0.0366,302,177,73,52,52,55,225,1158,93,248,44,zone_compressee_possible,30
674,0xa88000,0xa8bfff,6.5759,0.0820,0.0214,345,195,99,51,48,57,194,1613,70,205,61,zone_compressee_possible,30
675,0xa8c000,0xa8ffff,7.1167,0.0751,0.0098,284,88,167,29,17,19,316,2150,74,194,33,zone_compressee_possible,30
676,0xa90000,0xa93fff,7.2672,0.0591,0.0093,275,75,171,29,19,21,346,2016,9,181,11,table_texte_probable,50
677,0xa94000,0xa97fff,7.2927,0.0526,0.0150,342,84,242,16,15,17,329,2000,1,191,13,zone_compressee_possible,30
678,0xa98000,0xa9bfff,7.3320,0.0455,0.0225,349,67,254,28,18,18,316,1862,9,199,12,zone_compressee_possible,30
679,0xa9c000,0xa9ffff,7.3928,0.0343,0.0115,297,64,209,24,11,13,292,1643,1,190,15,zone_compressee_possible,30
680,0xaa0000,0xaa3fff,7.3841,0.0438,0.0156,312,59,228,25,23,27,309,1819,9,223,14,zone_compressee_possible,30
681,0xaa4000,0xaa7fff,7.3839,0.0557,0.0108,182,51,117,14,14,16,219,1265,18,210,11,zone_compressee_possible,30
682,0xaa8000,0xaabfff,7.3609,0.0406,0.0191,400,96,268,36,34,695,335,1959,8,228,18,zone_compressee_possible,30
683,0xaac000,0xaaffff,7.1490,0.0464,0.0076,346,89,222,35,20,21,499,3087,123,189,15,table_texte_probable,57
684,0xab0000,0xab3fff,7.0903,0.0500,0.0197,359,63,265,31,17,27,455,2847,29,216,17,table_texte_probable,55
685,0xab4000,0xab7fff,7.2654,0.0496,0.0148,332,91,202,39,24,32,390,2465,37,211,15,table_texte_probable,52
686,0xab8000,0xabbfff,6.6335,0.1888,0.0156,208,46,152,10,16,21,342,2115,155,199,28,table_texte_probable,50
687,0xabc000,0xabffff,3.7781,0.4913,0.0035,1364,2,1362,0,14,15,79,879,550,194,18,structures_repetees_possible,42
688,0xac0000,0xac3fff,3.1100,0.1647,0.0006,5927,0,5927,0,19,19,10,191,990,208,18,structures_repetees_possible,57
689,0xac4000,0xac7fff,2.3992,0.2932,0.0001,7154,0,7154,0,15,38,5,32,979,179,29,structures_repetees_possible,57
690,0xac8000,0xacbfff,5.2370,0.3126,0.0103,1537,107,1399,31,72,88,97,540,344,213,45,zone_compressee_possible,30
691,0xacc000,0xacffff,5.0965,0.4114,0.0073,167,123,29,15,85,85,137,1016,229,226,32,zone_compressee_possible,30
692,0xad0000,0xad3fff,3.1650,0.5722,0.0073,7,2,0,5,15,15,127,2078,428,199,10,zone_indeterminee,10
693,0xad4000,0xad7fff,3.9911,0.4263,0.0104,10,2,0,8,13,14,136,2289,577,181,15,structures_repetees_possible,43
694,0xad8000,0xadbfff,3.7622,0.5048,0.0059,10,2,2,6,12,12,106,2211,422,181,16,zone_indeterminee,10
695,0xadc000,0xadffff,3.5852,0.5051,0.0344,2,2,0,0,13,13,59,635,365,215,50,zone_indeterminee,10
696,0xae0000,0xae3fff,3.5184,0.5364,0.0738,96,83,13,0,17,18,64,810,519,218,45,structures_repetees_possible,41
697,0xae4000,0xae7fff,3.5460,0.5479,0.0200,10,2,0,8,10,10,134,1757,402,220,28,zone_indeterminee,10
698,0xae8000,0xaebfff,3.6645,0.5253,0.0292,5,1,0,4,11,11,81,1286,708,225,14,structures_repetees_possible,48
699,0xaec000,0xaeffff,3.6611,0.5359,0.0143,4,4,0,0,11,11,107,1695,476,209,13,structures_repetees_possible,40
700,0xaf0000,0xaf3fff,3.6954,0.4476,0.0173,5,1,0,4,15,15,139,2962,541,165,9,structures_repetees_possible,42
701,0xaf4000,0xaf7fff,4.0886,0.3768,0.0151,11,2,0,9,11,11,140,3101,497,197,8,structures_repetees_possible,41
702,0xaf8000,0xafbfff,3.8964,0.3602,0.0211,5,2,2,1,12,12,94,1791,648,191,10,structures_repetees_possible,46
703,0xafc000,0xafffff,3.8594,0.4872,0.0171,31,1,2,28,10,10,157,1839,522,161,4,structures_repetees_possible,41
704,0xb00000,0xb03fff,3.4429,0.5129,0.0141,8,2,0,6,18,18,118,1896,636,179,2,structures_repetees_possible,45
705,0xb04000,0xb07fff,3.4238,0.5693,0.0242,8,3,1,4,12,12,80,858,510,191,8,structures_repetees_possible,41
706,0xb08000,0xb0bfff,3.6149,0.5233,0.0277,4,2,1,1,11,12,119,1333,396,181,25,zone_indeterminee,10
707,0xb0c000,0xb0ffff,3.5241,0.5420,0.0143,6,1,1,4,11,11,109,1094,409,189,11,zone_indeterminee,10
708,0xb10000,0xb13fff,6.6771,0.1519,0.0149,187,116,53,18,23,27,141,694,85,208,4,zone_compressee_possible,30
709,0xb14000,0xb17fff,5.5917,0.3076,0.0184,76,42,22,12,26,31,168,2041,203,208,17,zone_indeterminee,10
710,0xb18000,0xb1bfff,5.4382,0.3273,0.0187,57,36,11,10,103,104,116,1463,353,207,5,zone_indeterminee,10
711,0xb1c000,0xb1ffff,5.6395,0.2836,0.0273,242,135,71,36,68,75,236,1657,305,208,35,zone_compressee_possible,30
712,0xb20000,0xb23fff,5.1167,0.3470,0.0309,101,40,36,25,44,57,26,189,173,223,5,zone_compressee_possible,30
713,0xb24000,0xb27fff,4.0757,0.4484,0.0000,59,0,41,18,66,86,0,0,5,243,8,zone_indeterminee,10
714,0xb28000,0xb2bfff,4.8105,0.2978,0.2142,80,11,60,9,29,53,29,132,233,221,31,zone_indeterminee,10
715,0xb2c000,0xb2ffff,-0.0000,0.0000,1.0000,0,0,0,0,1,1,0,0,1024,233,7,padding_probable,85
716,0xb30000,0xb33fff,-0.0000,0.0000,1.0000,0,0,0,0,22,28,0,0,1024,187,3,padding_probable,85
717,0xb34000,0xb37fff,-0.0000,0.0000,1.0000,0,0,0,0,9,9,0,0,1024,214,2,padding_probable,85
718,0xb38000,0xb3bfff,-0.0000,0.0000,1.0000,0,0,0,0,5,5,0,0,1024,171,3,padding_probable,85
719,0xb3c000,0xb3ffff,-0.0000,0.0000,1.0000,0,0,0,0,1,1,0,0,1024,177,4,padding_probable,85
720,0xb40000,0xb43fff,-0.0000,0.0000,1.0000,0,0,0,0,6,7,0,0,1024,169,3,padding_probable,85
721,0xb44000,0xb47fff,-0.0000,0.0000,1.0000,0,0,0,0,1,2,0,0,1024,178,1,padding_probable,85
722,0xb48000,0xb4bfff,-0.0000,0.0000,1.0000,0,0,0,0,2,2,0,0,1024,183,14,padding_probable,85
723,0xb4c000,0xb4ffff,-0.0000,0.0000,1.0000,0,0,0,0,1,1,0,0,1024,188,8,padding_probable,85
724,0xb50000,0xb53fff,5.4651,0.2596,0.0866,98,45,15,38,338,412,22,134,84,181,7,table_pointeurs_probable,48
725,0xb54000,0xb57fff,5.7488,0.1619,0.0619,192,21,62,109,265,364,32,224,276,184,3,table_pointeurs_probable,47
726,0xb58000,0xb5bfff,5.3996,0.2327,0.0549,99,19,26,54,143,180,31,194,1,174,4,zone_indeterminee,10
727,0xb5c000,0xb5ffff,5.6980,0.1348,0.0384,120,43,13,64,183,216,55,331,0,206,3,zone_compressee_possible,30
728,0xb60000,0xb63fff,5.2645,0.2813,0.0998,116,57,12,47,297,369,18,104,0,166,12,table_pointeurs_probable,47
729,0xb64000,0xb67fff,4.6735,0.4194,0.0197,87,39,34,14,67,82,40,279,0,181,17,zone_indeterminee,10
730,0xb68000,0xb6bfff,5.6723,0.1762,0.0335,213,48,16,149,83,104,28,139,0,201,25,zone_compressee_possible,30
731,0xb6c000,0xb6ffff,5.8673,0.1809,0.0397,328,43,148,137,99,117,46,313,0,183,16,zone_compressee_possible,30
732,0xb70000,0xb73fff,3.9814,0.5020,0.0266,58,25,19,14,59,77,45,372,0,197,22,zone_indeterminee,10
733,0xb74000,0xb77fff,5.3332,0.2546,0.0602,156,91,22,43,122,149,38,270,0,187,30,zone_compressee_possible,30
734,0xb78000,0xb7bfff,4.9008,0.0364,0.0171,228,14,45,169,25,30,78,512,0,176,33,zone_compressee_possible,30
735,0xb7c000,0xb7ffff,5.5262,0.2682,0.0128,117,49,24,44,46,54,26,142,0,177,16,zone_compressee_possible,30
736,0xb80000,0xb83fff,5.3842,0.2728,0.0761,63,25,28,10,82,102,17,125,0,180,21,zone_indeterminee,10
737,0xb84000,0xb87fff,5.8554,0.2231,0.0508,158,78,54,26,45,54,78,530,0,150,8,zone_compressee_possible,30
738,0xb88000,0xb8bfff,6.5338,0.1493,0.0393,181,101,49,31,56,63,130,697,0,185,19,zone_compressee_possible,30
739,0xb8c000,0xb8ffff,5.5831,0.2705,0.0369,231,92,25,114,68,81,38,297,0,164,8,zone_compressee_possible,30
740,0xb90000,0xb93fff,6.2089,0.1602,0.0104,189,39,64,86,30,33,55,344,0,196,10,zone_compressee_possible,30
741,0xb94000,0xb97fff,4.8077,0.2871,0.1941,164,72,26,66,74,79,18,90,0,183,10,zone_compressee_possible,30
742,0xb98000,0xb9bfff,6.0021,0.2407,0.0605,167,96,47,24,37,44,81,469,0,173,14,zone_compressee_possible,30
743,0xb9c000,0xb9ffff,5.3506,0.2255,0.0386,84,54,12,18,47,55,30,195,0,221,12,zone_indeterminee,10
744,0xba0000,0xba3fff,4.7245,0.3111,0.2262,113,65,26,22,55,67,27,138,0,164,15,zone_compressee_possible,30
745,0xba4000,0xba7fff,5.7873,0.1951,0.0335,121,64,35,22,19,22,92,501,0,171,11,zone_compressee_possible,30
746,0xba8000,0xbabfff,5.6612,0.1972,0.0738,261,79,33,149,38,41,57,326,0,166,9,zone_compressee_possible,30
747,0xbac000,0xbaffff,5.7908,0.0884,0.0437,481,43,25,413,17,18,72,403,0,181,13,zone_compressee_possible,30
748,0xbb0000,0xbb3fff,5.5771,0.0576,0.0707,320,36,24,260,22,23,55,388,0,167,14,zone_compressee_possible,30
749,0xbb4000,0xbb7fff,5.9333,0.1170,0.0239,231,41,14,176,15,16,44,323,0,179,9,zone_compressee_possible,30
750,0xbb8000,0xbbbfff,5.3284,0.3027,0.0405,123,87,16,20,70,81,73,514,0,146,22,zone_compressee_possible,30
751,0xbbc000,0xbbffff,5.3546,0.1495,0.0047,94,9,15,70,8,8,51,627,0,141,15,zone_indeterminee,10
752,0xbc0000,0xbc3fff,5.2271,0.2056,0.1464,45,33,8,4,24,24,29,152,0,165,14,zone_indeterminee,10
753,0xbc4000,0xbc7fff,6.2904,0.2100,0.0730,197,109,60,28,20,21,130,680,0,149,37,zone_compressee_possible,30
754,0xbc8000,0xbcbfff,5.5757,0.1463,0.1595,231,186,31,14,15,15,93,703,0,182,68,zone_compressee_possible,30
755,0xbcc000,0xbcffff,5.5518,0.0087,0.0198,182,40,12,130,6,7,162,1106,0,153,26,zone_compressee_possible,30
756,0xbd0000,0xbd3fff,6.0770,0.1659,0.0751,164,80,52,32,14,19,50,264,0,182,25,zone_compressee_possible,30
757,0xbd4000,0xbd7fff,5.8573,0.1922,0.0505,196,117,64,15,8,9,166,1379,0,142,20,zone_compressee_possible,30
758,0xbd8000,0xbdbfff,5.9397,0.1711,0.1691,209,109,75,25,16,17,58,284,0,173,18,zone_compressee_possible,30
759,0xbdc000,0xbdffff,5.9884,0.0725,0.1423,159,62,68,29,9,10,70,336,0,192,50,zone_compressee_possible,30
760,0xbe0000,0xbe3fff,4.4455,0.2955,0.2342,40,7,25,8,18,18,37,265,0,163,39,zone_indeterminee,10
761,0xbe4000,0xbe7fff,6.2689,0.0746,0.1691,247,140,70,37,7,7,151,763,0,201,28,zone_compressee_possible,30
762,0xbe8000,0xbebfff,6.2868,0.0912,0.0932,231,53,24,154,15,18,89,600,0,158,25,zone_compressee_possible,30
763,0xbec000,0xbeffff,6.8206,0.1348,0.0279,208,111,58,39,7,7,190,989,0,196,7,zone_compressee_possible,30
764,0xbf0000,0xbf3fff,4.7812,0.1201,0.3314,217,14,43,160,17,50,67,581,0,195,19,zone_compressee_possible,30
765,0xbf4000,0xbf7fff,4.2149,0.0379,0.4750,72,25,12,35,3,3,40,248,0,151,4,zone_indeterminee,10
766,0xbf8000,0xbfbfff,5.1860,0.2478,0.1160,116,38,26,52,19,20,36,165,0,151,0,zone_compressee_possible,30
767,0xbfc000,0xbfffff,4.0285,0.1257,0.0002,27,12,0,15,13,14,12,48,0,173,4,zone_indeterminee,10
768,0xc00000,0xc03fff,5.4427,0.1112,0.2493,134,74,26,34,30,32,70,395,0,191,10,zone_compressee_possible,30
769,0xc04000,0xc07fff,6.3974,0.2343,0.0165,150,75,49,26,13,16,204,1196,0,174,12,zone_compressee_possible,30
770,0xc08000,0xc0bfff,6.1784,0.2115,0.0479,195,82,82,31,19,21,125,713,0,165,12,zone_compressee_possible,30
771,0xc0c000,0xc0ffff,6.1644,0.2351,0.0132,119,32,71,16,18,18,161,960,0,169,10,zone_compressee_possible,30
772,0xc10000,0xc13fff,5.0211,0.0594,0.4160,105,58,33,14,15,17,86,452,0,159,16,zone_compressee_possible,30
773,0xc14000,0xc17fff,5.5357,0.0768,0.0431,23,0,21,2,7,7,1,8,0,184,8,zone_indeterminee,10
774,0xc18000,0xc1bfff,5.2129,0.0008,0.0001,327,28,1,298,2,2,15,92,0,166,4,zone_compressee_possible,30
775,0xc1c000,0xc1ffff,6.0816,0.0608,0.0058,242,46,148,48,13,14,106,819,0,186,5,zone_compressee_possible,30
776,0xc20000,0xc23fff,4.8349,0.1166,0.1772,54,7,35,12,9,23,33,1860,0,190,9,zone_indeterminee,10
777,0xc24000,0xc27fff,4.8233,0.0232,0.3684,361,38,226,97,6,9,133,884,0,172,11,zone_compressee_possible,30
778,0xc28000,0xc2bfff,5.7798,0.1591,0.0002,164,9,102,53,5,5,90,630,0,162,6,zone_compressee_possible,30
779,0xc2c000,0xc2ffff,4.8897,0.0328,0.0153,85,42,27,16,7,7,99,535,0,166,9,zone_indeterminee,10
780,0xc30000,0xc33fff,4.9994,0.0165,0.0013,50,23,17,10,13,13,24,136,0,194,7,zone_indeterminee,10
781,0xc34000,0xc37fff,5.8496,0.0912,0.1117,192,8,48,136,8,8,63,473,0,153,13,zone_compressee_possible,30
782,0xc38000,0xc3bfff,6.1296,0.1386,0.0208,230,159,40,31,4,4,98,524,0,179,10,zone_compressee_possible,30
783,0xc3c000,0xc3ffff,3.1940,0.0464,0.0144,24,0,24,0,8,8,0,0,0,149,8,zone_indeterminee,10
784,0xc40000,0xc43fff,5.3200,0.0405,0.3061,177,101,50,26,10,11,51,228,0,158,20,zone_compressee_possible,30
785,0xc44000,0xc47fff,5.6083,0.1623,0.2109,127,38,74,15,13,15,105,665,0,195,9,zone_compressee_possible,30
786,0xc48000,0xc4bfff,6.8186,0.0568,0.0109,221,79,43,99,45,68,170,974,0,177,4,zone_compressee_possible,30
787,0xc4c000,0xc4ffff,6.5950,0.1449,0.0414,269,140,81,48,9,9,127,658,0,175,23,zone_compressee_possible,30
788,0xc50000,0xc53fff,5.3997,0.0644,0.3502,212,110,67,35,5,5,108,526,0,132,18,zone_compressee_possible,30
789,0xc54000,0xc57fff,6.9279,0.0846,0.0236,267,156,63,48,16,16,128,643,0,150,22,zone_compressee_possible,30
790,0xc58000,0xc5bfff,5.3418,0.1064,0.1022,92,24,46,22,5,5,56,335,0,147,12,zone_indeterminee,10
791,0xc5c000,0xc5ffff,5.9864,0.0091,0.1538,23,3,11,9,81,157,8,41,0,165,11,zone_indeterminee,10
792,0xc60000,0xc63fff,6.8246,0.0131,0.0012,19,11,2,6,87,101,0,0,0,170,21,zone_indeterminee,10
793,0xc64000,0xc67fff,6.6554,0.0070,0.0000,17,3,9,5,46,52,0,0,0,196,20,zone_indeterminee,10
794,0xc68000,0xc6bfff,6.5807,0.0891,0.0026,12,3,4,5,43,70,0,0,0,173,26,zone_indeterminee,10
795,0xc6c000,0xc6ffff,7.4444,0.0073,0.0068,86,17,57,12,50,93,279,2423,0,167,24,zone_texte_possible,25
796,0xc70000,0xc73fff,7.2642,0.0184,0.0169,140,74,53,13,8,9,209,2309,0,204,20,zone_compressee_possible,30
797,0xc74000,0xc77fff,7.2283,0.0111,0.0107,184,103,66,15,6,8,255,3266,0,163,41,zone_compressee_possible,30
798,0xc78000,0xc7bfff,7.6026,0.0063,0.0061,107,38,43,26,2,2,296,4417,0,173,52,zone_compressee_possible,30
799,0xc7c000,0xc7ffff,7.7542,0.0160,0.0075,118,60,35,23,6,6,250,4613,0,182,16,zone_compressee_possible,30
800,0xc80000,0xc83fff,7.8357,0.0055,0.0056,102,86,9,7,6,10,96,5466,0,150,20,zone_compressee_possible,30
801,0xc84000,0xc87fff,7.4748,0.0123,0.0115,134,90,42,2,2,2,228,3069,0,156,17,zone_compressee_possible,30
802,0xc88000,0xc8bfff,7.5245,0.0068,0.0054,79,31,28,20,7,9,492,3386,0,163,17,table_texte_probable,57
803,0xc8c000,0xc8ffff,7.5629,0.0108,0.0102,91,37,30,24,6,7,472,3145,0,164,16,table_texte_probable,56
804,0xc90000,0xc93fff,7.6170,0.0093,0.0088,108,34,35,39,9,9,525,3503,0,158,16,table_texte_probable,59
805,0xc94000,0xc97fff,7.7338,0.0073,0.0064,55,10,20,25,4,4,628,4467,0,170,10,table_texte_probable,64
806,0xc98000,0xc9bfff,7.8244,0.0098,0.0076,64,29,16,19,8,8,537,4813,0,173,13,table_texte_probable,59
807,0xc9c000,0xc9ffff,7.8353,0.0089,0.0077,87,35,39,13,1,1,455,4963,0,161,9,table_texte_probable,55
808,0xca0000,0xca3fff,7.9121,0.0055,0.0062,49,13,20,16,7,7,506,5514,0,168,13,table_texte_probable,58
809,0xca4000,0xca7fff,7.4958,0.0027,0.0027,10,3,5,2,4,4,397,7249,0,185,11,table_texte_probable,52
810,0xca8000,0xcabfff,7.8375,0.0087,0.0085,64,36,18,10,5,5,399,4048,0,155,20,table_texte_probable,52
811,0xcac000,0xcaffff,7.4704,0.0088,0.0078,95,58,28,9,7,7,518,4627,0,164,18,table_texte_probable,58
812,0xcb0000,0xcb3fff,7.2162,0.0108,0.0130,140,76,46,18,6,7,394,3115,0,190,16,table_texte_probable,52
813,0xcb4000,0xcb7fff,7.6174,0.0071,0.0081,62,30,11,21,0,0,559,4345,0,174,22,table_texte_probable,60
814,0xcb8000,0xcbbfff,7.5039,0.0151,0.0140,80,41,23,16,6,6,437,2392,0,141,21,table_texte_probable,54
815,0xcbc000,0xcbffff,7.2265,0.1031,0.0068,86,36,36,14,4,4,448,3192,0,127,12,table_texte_probable,55
816,0xcc0000,0xcc3fff,7.6966,0.0103,0.0093,124,70,36,18,14,14,371,4667,0,134,15,table_texte_probable,51
817,0xcc4000,0xcc7fff,7.8640,0.0083,0.0070,77,34,29,14,9,9,405,5081,0,162,35,table_texte_probable,53
818,0xcc8000,0xccbfff,7.9055,0.0034,0.0042,65,30,22,13,3,3,330,5550,0,154,104,zone_texte_possible,25
819,0xccc000,0xccffff,7.8219,0.0060,0.0063,76,40,30,6,19,23,107,4791,0,145,60,zone_indeterminee,10
820,0xcd0000,0xcd3fff,6.4711,0.0341,0.0342,142,116,20,6,18,32,45,897,0,155,21,zone_compressee_possible,30
821,0xcd4000,0xcd7fff,6.0593,0.0255,0.2850,42,30,11,1,16,18,262,2621,0,170,12,zone_texte_possible,25
822,0xcd8000,0xcdbfff,7.5175,0.0079,0.0071,99,63,29,7,5,5,143,4693,0,162,17,zone_indeterminee,10
823,0xcdc000,0xcdffff,7.7930,0.0063,0.0056,186,127,51,8,9,9,179,4915,0,150,32,zone_compressee_possible,30
824,0xce0000,0xce3fff,7.6491,0.0059,0.0068,192,121,58,13,2,2,200,5189,0,196,39,zone_compressee_possible,30
825,0xce4000,0xce7fff,7.2961,0.0064,0.0665,171,95,71,5,3,3,231,4088,0,164,34,zone_compressee_possible,30
826,0xce8000,0xcebfff,7.0672,0.0189,0.0198,185,142,32,11,5,5,156,2095,0,144,30,zone_compressee_possible,30
827,0xcec000,0xceffff,6.9903,0.0280,0.0231,178,138,32,8,5,5,124,2064,0,173,8,zone_compressee_possible,30
828,0xcf0000,0xcf3fff,7.6844,0.0043,0.0044,86,56,30,0,9,11,131,5339,0,171,8,zone_indeterminee,10
829,0xcf4000,0xcf7fff,7.6029,0.0049,0.0053,83,7,48,28,4,4,256,5596,0,186,6,zone_texte_possible,25
830,0xcf8000,0xcfbfff,7.2743,0.0731,0.0154,244,132,78,34,5,6,204,2028,0,155,9,zone_compressee_possible,30
831,0xcfc000,0xcfffff,6.4231,0.0727,0.1929,205,92,70,43,10,26,106,528,0,154,8,zone_compressee_possible,30
832,0xd00000,0xd03fff,5.4763,0.1227,0.1926,456,284,110,62,85,147,105,497,0,151,48,zone_compressee_possible,30
833,0xd04000,0xd07fff,6.4060,0.1202,0.0168,364,221,79,64,27,62,105,498,0,147,34,zone_compressee_possible,30
834,0xd08000,0xd0bfff,6.1157,0.1121,0.0341,458,258,119,81,59,132,148,766,0,144,76,zone_compressee_possible,30
835,0xd0c000,0xd0ffff,6.3792,0.1414,0.0172,508,310,103,95,63,129,129,661,0,146,37,zone_compressee_possible,30
836,0xd10000,0xd13fff,5.5749,0.0983,0.1295,302,163,80,59,44,79,211,1684,0,155,73,zone_compressee_possible,30
837,0xd14000,0xd17fff,3.7424,0.0534,0.5144,237,146,49,42,22,45,71,342,0,139,32,zone_compressee_possible,30
838,0xd18000,0xd1bfff,5.0580,0.0789,0.3407,379,212,98,69,48,168,122,601,0,160,62,zone_compressee_possible,30
839,0xd1c000,0xd1ffff,5.8025,0.0889,0.0847,440,230,126,84,66,159,150,824,0,154,67,zone_compressee_possible,30
840,0xd20000,0xd23fff,6.5177,0.1322,0.0286,450,262,114,74,67,125,140,732,0,191,64,zone_compressee_possible,30
841,0xd24000,0xd27fff,6.5914,0.1160,0.0115,521,252,195,74,51,139,315,2088,0,189,35,zone_compressee_possible,30
842,0xd28000,0xd2bfff,6.6409,0.0851,0.0135,439,150,246,43,42,158,469,2924,0,182,34,table_texte_probable,56
843,0xd2c000,0xd2ffff,6.2447,0.1353,0.0483,419,252,111,56,64,111,224,1310,0,172,50,zone_compressee_possible,30
844,0xd30000,0xd33fff,5.1898,0.3127,0.0042,188,117,48,23,13,14,396,2520,0,260,32,table_texte_probable,52
845,0xd34000,0xd37fff,5.4151,0.3214,0.0168,123,83,16,24,10,10,345,2227,0,161,17,table_texte_probable,50
846,0xd38000,0xd3bfff,5.2203,0.3425,0.0247,132,84,44,4,10,10,344,2238,0,139,11,table_texte_probable,50
847,0xd3c000,0xd3ffff,5.1236,0.3438,0.0020,136,112,11,13,12,12,464,3059,0,154,14,table_texte_probable,56
848,0xd40000,0xd43fff,5.0166,0.3250,0.0030,157,92,12,53,18,18,526,3391,0,166,19,table_texte_probable,59
849,0xd44000,0xd47fff,5.1474,0.3121,0.0019,151,88,21,42,14,14,429,2737,0,161,8,table_texte_probable,54
850,0xd48000,0xd4bfff,4.9406,0.3539,0.0019,162,87,32,43,11,11,469,3065,0,183,19,table_texte_probable,56
851,0xd4c000,0xd4ffff,5.2914,0.3180,0.0144,128,109,12,7,14,14,382,2591,0,159,17,table_texte_probable,52
852,0xd50000,0xd53fff,4.9153,0.3533,0.0034,257,135,47,75,14,14,413,2710,0,149,23,table_texte_probable,53
853,0xd54000,0xd57fff,5.1695,0.3171,0.0024,131,92,30,9,8,8,440,2829,0,154,23,table_texte_probable,54
854,0xd58000,0xd5bfff,5.0700,0.3379,0.0054,127,96,30,1,7,8,532,3490,0,172,25,table_texte_probable,59
855,0xd5c000,0xd5ffff,5.2613,0.3159,0.0081,123,64,52,7,14,14,352,2156,0,186,27,table_texte_probable,50
856,0xd60000,0xd63fff,5.2339,0.3213,0.0052,139,68,32,39,14,15,373,2359,0,200,33,table_texte_probable,51
857,0xd64000,0xd67fff,4.8897,0.3661,0.0056,222,103,109,10,13,13,439,2846,0,183,38,table_texte_probable,54
858,0xd68000,0xd6bfff,4.7743,0.3105,0.0060,182,139,8,35,11,12,420,2627,0,179,29,table_texte_probable,53
859,0xd6c000,0xd6ffff,5.0539,0.3232,0.0023,160,105,40,15,17,17,440,2811,0,185,19,table_texte_probable,54
860,0xd70000,0xd73fff,5.0114,0.3364,0.0044,150,88,30,32,16,16,459,3006,0,213,16,table_texte_probable,55
861,0xd74000,0xd77fff,4.8670,0.3273,0.0019,207,104,13,90,12,12,486,3165,0,152,33,table_texte_probable,57
862,0xd78000,0xd7bfff,5.1609,0.3021,0.0033,128,84,22,22,8,9,381,2360,0,171,16,table_texte_probable,51
863,0xd7c000,0xd7ffff,5.3424,0.3135,0.0207,143,89,49,5,10,10,310,1873,0,138,20,zone_compressee_possible,30
864,0xd80000,0xd83fff,5.1660,0.3554,0.0021,160,79,56,25,10,10,263,1655,0,185,24,zone_compressee_possible,30
865,0xd84000,0xd87fff,5.2408,0.3298,0.0034,143,91,19,33,8,8,357,2311,0,183,24,table_texte_probable,50
866,0xd88000,0xd8bfff,5.1785,0.3351,0.0030,142,82,30,30,8,8,389,2498,0,150,28,table_texte_probable,52
867,0xd8c000,0xd8ffff,4.9885,0.3536,0.0029,166,89,51,26,10,10,460,3028,0,193,32,table_texte_probable,55
868,0xd90000,0xd93fff,4.8515,0.3751,0.0040,161,124,5,32,10,10,361,2351,0,149,33,table_texte_probable,50
869,0xd94000,0xd97fff,5.2759,0.3281,0.0057,162,119,16,27,9,9,269,1770,0,166,21,zone_compressee_possible,30
870,0xd98000,0xd9bfff,5.1026,0.3384,0.0032,203,148,21,34,13,13,462,3093,0,159,20,table_texte_probable,56
871,0xd9c000,0xd9ffff,5.0300,0.3709,0.0048,209,160,22,27,21,21,243,1584,0,155,25,zone_compressee_possible,30
872,0xda0000,0xda3fff,5.2819,0.3439,0.0068,143,88,33,22,17,18,345,2240,0,172,24,table_texte_probable,50
873,0xda4000,0xda7fff,5.1471,0.3509,0.0051,167,112,24,31,8,8,293,1816,0,176,48,zone_compressee_possible,30
874,0xda8000,0xdabfff,5.1987,0.3546,0.0035,134,59,53,22,8,8,230,1426,0,177,33,zone_compressee_possible,30
875,0xdac000,0xdaffff,4.9493,0.3514,0.0039,250,107,39,104,10,10,422,2730,0,206,29,table_texte_probable,54
876,0xdb0000,0xdb3fff,5.1284,0.3231,0.0033,151,75,20,56,26,26,357,2286,0,172,29,table_texte_probable,50
877,0xdb4000,0xdb7fff,4.8781,0.3454,0.0024,211,109,11,91,16,16,496,3230,0,230,28,table_texte_probable,57
878,0xdb8000,0xdbbfff,4.9091,0.3475,0.0045,152,89,29,34,12,12,335,2164,0,148,29,zone_compressee_possible,30
879,0xdbc000,0xdbffff,5.0581,0.3395,0.0025,155,89,48,18,11,11,506,3331,0,145,27,table_texte_probable,58
880,0xdc0000,0xdc3fff,4.9422,0.3556,0.0042,131,60,44,27,13,13,314,1976,0,155,30,zone_compressee_possible,30
881,0xdc4000,0xdc7fff,5.1285,0.3683,0.0140,178,92,26,60,12,12,275,1755,0,188,31,zone_compressee_possible,30
882,0xdc8000,0xdcbfff,5.2667,0.3123,0.0192,149,65,81,3,11,12,365,2388,0,170,23,table_texte_probable,51
883,0xdcc000,0xdcffff,4.9927,0.3402,0.0020,161,73,28,60,17,17,472,3021,0,198,30,table_texte_probable,56
884,0xdd0000,0xdd3fff,5.0948,0.3553,0.0044,166,98,62,6,20,23,432,2821,0,153,34,table_texte_probable,54
885,0xdd4000,0xdd7fff,5.1037,0.3245,0.0042,185,129,45,11,10,10,465,2965,0,153,35,table_texte_probable,56
886,0xdd8000,0xddbfff,5.2454,0.3261,0.0032,116,82,18,16,11,20,417,2752,0,177,30,table_texte_probable,53
887,0xddc000,0xddffff,5.3968,0.3172,0.0039,129,89,18,22,36,41,379,2370,0,180,23,table_texte_probable,51
888,0xde0000,0xde3fff,5.0789,0.3425,0.0032,118,69,18,31,13,13,466,3087,0,186,22,table_texte_probable,56
889,0xde4000,0xde7fff,5.1870,0.3308,0.0212,135,74,46,15,12,12,371,2437,0,135,22,table_texte_probable,51
890,0xde8000,0xdebfff,5.1467,0.3267,0.0013,160,87,42,31,12,23,388,2439,0,155,28,table_texte_probable,52
891,0xdec000,0xdeffff,5.2223,0.3320,0.0034,170,97,28,45,32,34,364,2377,0,169,17,table_texte_probable,51
892,0xdf0000,0xdf3fff,5.1863,0.3511,0.0023,148,96,18,34,20,20,344,2232,0,168,25,table_texte_probable,50
893,0xdf4000,0xdf7fff,5.1363,0.3292,0.0133,206,121,28,57,10,10,396,2516,0,163,20,table_texte_probable,52
894,0xdf8000,0xdfbfff,5.3898,0.2997,0.0066,155,99,34,22,12,12,379,2449,0,156,14,table_texte_probable,51
895,0xdfc000,0xdfffff,5.1286,0.3308,0.0024,112,85,26,1,24,25,313,2005,0,177,27,zone_compressee_possible,30
896,0xe00000,0xe03fff,5.0591,0.3497,0.0029,186,110,51,25,21,23,319,2006,0,174,24,zone_compressee_possible,30
897,0xe04000,0xe07fff,5.1072,0.3429,0.0027,130,72,42,16,10,10,478,3076,0,160,17,table_texte_probable,56
898,0xe08000,0xe0bfff,5.1166,0.3140,0.0017,116,82,15,19,8,8,426,2737,0,154,12,table_texte_probable,54
899,0xe0c000,0xe0ffff,5.1619,0.3362,0.0041,159,80,38,41,12,12,327,2043,0,158,16,zone_compressee_possible,30
900,0xe10000,0xe13fff,5.0952,0.3298,0.0031,134,60,60,14,15,15,415,2717,0,163,16,table_texte_probable,53
901,0xe14000,0xe17fff,5.3997,0.3152,0.0046,172,114,24,34,7,7,307,1888,0,151,11,zone_compressee_possible,30
902,0xe18000,0xe1bfff,5.3364,0.3236,0.0049,138,67,68,3,12,12,378,2408,0,149,10,table_texte_probable,51
903,0xe1c000,0xe1ffff,5.3110,0.2996,0.0017,119,49,52,18,24,25,387,2485,0,180,24,table_texte_probable,52
904,0xe20000,0xe23fff,5.2104,0.3249,0.0022,176,87,43,46,18,25,381,2320,0,158,24,table_texte_probable,51
905,0xe24000,0xe27fff,4.5110,0.2926,0.2481,85,47,38,0,7,7,202,1301,0,172,19,zone_texte_possible,25
906,0xe28000,0xe2bfff,2.4346,0.7231,0.0217,0,0,0,0,7,7,60,361,0,152,27,zone_indeterminee,10
907,0xe2c000,0xe2ffff,2.6163,0.7033,0.0245,0,0,0,0,38,39,39,225,0,154,34,zone_indeterminee,10
908,0xe30000,0xe33fff,2.5930,0.7051,0.0234,0,0,0,0,22,23,31,161,0,164,24,zone_indeterminee,10
909,0xe34000,0xe37fff,2.7818,0.6812,0.0252,0,0,0,0,9,9,33,211,0,173,29,zone_indeterminee,10
910,0xe38000,0xe3bfff,3.2619,0.6069,0.0692,21,17,1,3,7,7,36,238,0,154,44,zone_indeterminee,10
911,0xe3c000,0xe3ffff,4.0529,0.4608,0.0176,141,96,32,13,22,23,31,151,0,136,61,zone_compressee_possible,30
912,0xe40000,0xe43fff,4.0024,0.4653,0.0160,138,95,32,11,9,10,24,114,0,171,74,zone_compressee_possible,30
913,0xe44000,0xe47fff,3.9722,0.4595,0.0165,131,90,22,19,5,5,25,122,0,152,96,zone_compressee_possible,30
914,0xe48000,0xe4bfff,5.2582,0.2037,0.2126,189,108,54,27,16,17,95,463,0,158,70,zone_compressee_possible,30
915,0xe4c000,0xe4ffff,5.7534,0.1099,0.2325,241,151,57,33,32,32,136,681,0,179,33,zone_compressee_possible,30
916,0xe50000,0xe53fff,5.9925,0.1176,0.1416,292,159,69,64,26,26,163,878,0,184,33,zone_compressee_possible,30
917,0xe54000,0xe57fff,5.4963,0.1012,0.2875,210,107,56,47,12,12,116,626,0,139,43,zone_compressee_possible,30
918,0xe58000,0xe5bfff,5.6380,0.1109,0.2419,248,148,54,46,13,13,139,727,0,166,57,zone_compressee_possible,30
919,0xe5c000,0xe5ffff,5.9678,0.1130,0.1838,282,182,62,38,43,44,144,718,0,134,72,zone_compressee_possible,30
920,0xe60000,0xe63fff,5.4388,0.1038,0.2752,225,141,40,44,18,19,147,756,0,155,73,zone_compressee_possible,30
921,0xe64000,0xe67fff,4.6658,0.0799,0.4298,174,102,43,29,19,19,98,503,0,137,57,zone_compressee_possible,30
922,0xe68000,0xe6bfff,4.1446,0.3093,0.2667,65,43,11,11,22,24,103,1476,0,155,73,zone_indeterminee,10
923,0xe6c000,0xe6ffff,3.3884,0.5638,0.0104,0,0,0,0,34,41,55,1004,0,178,35,zone_indeterminee,10
924,0xe70000,0xe73fff,3.1830,0.6085,0.0045,7,0,0,7,30,36,57,723,0,153,41,zone_indeterminee,10
925,0xe74000,0xe77fff,3.6412,0.4990,0.1391,33,21,10,2,23,55,74,481,0,139,45,zone_indeterminee,10
926,0xe78000,0xe7bfff,5.2746,0.1210,0.2920,319,176,91,52,42,92,168,965,0,161,64,zone_compressee_possible,30
927,0xe7c000,0xe7ffff,5.2206,0.0570,0.3518,336,132,163,41,42,84,178,1170,0,166,78,zone_compressee_possible,30
928,0xe80000,0xe83fff,6.1315,0.1590,0.0311,283,152,88,43,24,35,207,1150,0,161,111,zone_compressee_possible,30
929,0xe84000,0xe87fff,6.4400,0.1079,0.0322,431,297,91,43,57,218,186,1002,0,168,92,zone_compressee_possible,30
930,0xe88000,0xe8bfff,6.2797,0.2007,0.0038,587,435,108,44,160,377,282,1607,0,157,40,table_pointeurs_probable,47
931,0xe8c000,0xe8ffff,6.1676,0.2143,0.0028,628,466,94,68,175,326,243,1388,0,181,17,table_pointeurs_probable,46
932,0xe90000,0xe93fff,6.3280,0.1951,0.0236,557,417,91,49,162,619,219,1257,0,161,32,table_pointeurs_probable,52
933,0xe94000,0xe97fff,3.9699,0.0485,0.5106,246,153,44,49,30,30,96,488,0,182,40,zone_compressee_possible,30
934,0xe98000,0xe9bfff,6.0981,0.1519,0.0641,269,129,91,49,51,69,148,852,0,246,51,zone_compressee_possible,30
935,0xe9c000,0xe9ffff,4.2810,0.4309,0.0451,69,45,16,8,50,50,158,2382,0,209,52,zone_indeterminee,10
936,0xea0000,0xea3fff,4.1770,0.3617,0.2012,86,60,15,11,17,19,159,1265,0,191,46,zone_indeterminee,10
937,0xea4000,0xea7fff,6.2795,0.0913,0.1121,309,190,95,24,17,19,150,767,0,198,44,zone_compressee_possible,30
938,0xea8000,0xeabfff,5.7221,0.1063,0.2331,279,166,87,26,21,22,108,533,0,164,129,zone_compressee_possible,30
939,0xeac000,0xeaffff,6.1522,0.1284,0.0209,188,93,56,39,36,48,120,1581,0,167,117,zone_compressee_possible,30
940,0xeb0000,0xeb3fff,5.9007,0.1234,0.0739,111,39,53,19,140,149,46,248,0,161,78,zone_compressee_possible,30
941,0xeb4000,0xeb7fff,4.6453,0.1478,0.0114,0,0,0,0,188,193,0,0,0,164,38,zone_indeterminee,10
942,0xeb8000,0xebbfff,6.3873,0.1326,0.0366,205,108,89,8,261,264,106,546,0,153,37,table_pointeurs_probable,45
943,0xebc000,0xebffff,4.7544,0.1809,0.0452,1111,361,747,3,422,429,0,0,0,170,50,table_pointeurs_probable,48
944,0xec0000,0xec3fff,4.3168,0.3633,0.0119,112,37,69,6,247,408,0,0,0,159,47,table_pointeurs_probable,48
945,0xec4000,0xec7fff,6.5241,0.1508,0.0114,295,69,210,16,93,126,249,1493,0,168,66,zone_compressee_possible,30
946,0xec8000,0xecbfff,6.9480,0.0398,0.0223,400,83,281,36,23,54,309,1845,0,160,82,zone_compressee_possible,30
947,0xecc000,0xecffff,7.0549,0.0416,0.0137,362,83,247,32,67,108,319,1891,0,164,68,zone_compressee_possible,30
948,0xed0000,0xed3fff,6.9125,0.0391,0.0173,475,104,328,43,33,84,346,2125,0,149,81,table_texte_probable,50
949,0xed4000,0xed7fff,6.9124,0.0467,0.0165,428,87,302,39,26,78,297,1836,0,149,93,zone_compressee_possible,30
950,0xed8000,0xedbfff,6.8297,0.0376,0.0180,407,80,289,38,19,62,286,1754,0,140,100,zone_compressee_possible,30
951,0xedc000,0xedffff,6.9304,0.0360,0.0175,471,71,376,24,58,87,314,1977,0,173,91,zone_compressee_possible,30
952,0xee0000,0xee3fff,7.0129,0.0405,0.0189,408,84,293,31,37,56,298,1668,0,164,62,zone_compressee_possible,30
953,0xee4000,0xee7fff,6.5807,0.1887,0.0092,390,282,51,57,148,150,264,1411,0,178,65,zone_compressee_possible,30
954,0xee8000,0xeebfff,6.6201,0.1895,0.0063,387,290,47,50,159,163,249,1381,0,195,52,zone_compressee_possible,30
955,0xeec000,0xeeffff,6.5715,0.1638,0.0148,347,245,45,57,189,197,212,1195,0,254,44,zone_compressee_possible,30
956,0xef0000,0xef3fff,6.6723,0.0842,0.0335,222,131,58,33,54,59,164,870,0,208,80,zone_compressee_possible,30
957,0xef4000,0xef7fff,3.4583,0.5830,0.0073,11,0,4,7,36,39,173,2625,0,183,69,zone_indeterminee,10
958,0xef8000,0xefbfff,2.8967,0.6516,0.0106,5,0,2,3,34,67,109,1801,0,169,59,zone_indeterminee,10
959,0xefc000,0xefffff,2.4338,0.7573,0.0029,16,0,3,13,87,130,50,410,0,147,44,zone_indeterminee,10
960,0xf00000,0xf03fff,3.4010,0.5988,0.0021,9,1,0,8,51,52,101,985,0,131,31,zone_indeterminee,10
961,0xf04000,0xf07fff,2.9054,0.6762,0.0071,7,0,1,6,41,41,20,205,0,175,32,zone_indeterminee,10
962,0xf08000,0xf0bfff,2.7921,0.6646,0.0201,13,2,0,11,55,55,91,1089,0,142,27,zone_indeterminee,10
963,0xf0c000,0xf0ffff,2.8382,0.6795,0.0048,58,51,2,5,97,113,104,747,0,157,33,zone_indeterminee,10
964,0xf10000,0xf13fff,2.6650,0.7044,0.0040,37,2,0,35,42,42,67,424,0,166,39,zone_indeterminee,10
965,0xf14000,0xf17fff,2.8407,0.6994,0.0065,11,0,0,11,39,39,55,382,0,216,41,zone_indeterminee,10
966,0xf18000,0xf1bfff,3.0384,0.6654,0.0000,2,0,0,2,35,35,48,271,0,268,28,zone_indeterminee,10
967,0xf1c000,0xf1ffff,2.6690,0.6977,0.0000,17,0,0,17,74,77,58,358,0,256,25,zone_indeterminee,10
968,0xf20000,0xf23fff,2.7337,0.6985,0.0000,23,0,0,23,49,50,48,293,0,208,40,zone_indeterminee,10
969,0xf24000,0xf27fff,2.7190,0.7048,0.0000,0,0,0,0,35,35,45,396,0,184,38,zone_indeterminee,10
970,0xf28000,0xf2bfff,2.9468,0.6739,0.0068,38,22,3,13,37,37,72,647,0,195,35,zone_indeterminee,10
971,0xf2c000,0xf2ffff,2.6667,0.7147,0.0034,56,0,0,56,94,113,40,241,0,171,33,zone_indeterminee,10
972,0xf30000,0xf33fff,2.7492,0.6962,0.0009,28,1,0,27,53,54,68,762,0,176,57,zone_indeterminee,10
973,0xf34000,0xf37fff,3.0243,0.6680,0.0018,8,0,0,8,36,36,73,698,0,156,40,zone_indeterminee,10
974,0xf38000,0xf3bfff,2.9001,0.6858,0.0027,6,0,0,6,35,35,62,782,0,153,31,zone_indeterminee,10
975,0xf3c000,0xf3ffff,3.0082,0.6744,0.0021,22,3,1,18,100,104,87,975,0,139,39,zone_indeterminee,10
976,0xf40000,0xf43fff,2.8479,0.6868,0.0045,13,0,4,9,56,57,81,830,0,144,42,zone_indeterminee,10
977,0xf44000,0xf47fff,2.7138,0.6830,0.0100,12,1,0,11,39,39,108,1337,0,153,35,zone_indeterminee,10
978,0xf48000,0xf4bfff,2.8459,0.6743,0.0112,45,1,0,44,38,38,75,747,0,134,36,zone_indeterminee,10
979,0xf4c000,0xf4ffff,2.8835,0.6589,0.0136,64,0,6,58,110,114,54,343,0,150,40,zone_indeterminee,10
980,0xf50000,0xf53fff,3.0319,0.6549,0.0058,30,1,1,28,54,57,91,655,0,151,46,zone_indeterminee,10
981,0xf54000,0xf57fff,3.3212,0.6408,0.0027,8,0,0,8,38,38,83,912,0,185,46,zone_indeterminee,10
982,0xf58000,0xf5bfff,3.1054,0.6719,0.0129,7,0,1,6,38,38,37,534,0,148,57,zone_indeterminee,10
983,0xf5c000,0xf5ffff,2.7084,0.6787,0.0201,22,0,4,18,107,127,21,167,0,191,95,zone_indeterminee,10
984,0xf60000,0xf63fff,2.8215,0.6722,0.0194,16,0,2,14,59,84,41,306,0,169,85,zone_indeterminee,10
985,0xf64000,0xf67fff,3.0442,0.6469,0.0153,14,0,4,10,40,53,89,664,0,169,79,zone_indeterminee,10
986,0xf68000,0xf6bfff,2.7050,0.6762,0.0151,5,0,0,5,36,57,39,271,0,161,101,zone_indeterminee,10
987,0xf6c000,0xf6ffff,2.6265,0.6653,0.0207,0,0,0,0,113,152,22,254,0,154,89,zone_indeterminee,10
988,0xf70000,0xf73fff,2.7107,0.6864,0.0054,15,0,6,9,57,67,41,302,0,199,56,zone_indeterminee,10
989,0xf74000,0xf77fff,2.8245,0.6762,0.0027,10,0,1,9,38,68,50,364,0,160,53,zone_indeterminee,10
990,0xf78000,0xf7bfff,3.2729,0.6207,0.0315,14,0,3,11,34,42,39,312,0,180,63,zone_indeterminee,10
991,0xf7c000,0xf7ffff,3.1642,0.6425,0.0230,13,0,0,13,115,149,78,979,0,140,62,zone_indeterminee,10
992,0xf80000,0xf83fff,2.8234,0.6483,0.0165,9,0,4,5,52,62,122,1968,0,148,91,zone_indeterminee,10
993,0xf84000,0xf87fff,2.9279,0.6658,0.0112,45,23,21,1,39,61,126,1441,0,134,66,zone_indeterminee,10
994,0xf88000,0xf8bfff,3.1360,0.6339,0.0167,5,0,1,4,35,44,160,1225,0,112,55,zone_indeterminee,10
995,0xf8c000,0xf8ffff,2.9728,0.6586,0.0155,12,0,3,9,144,173,127,1130,0,125,71,zone_indeterminee,10
996,0xf90000,0xf93fff,2.6577,0.7192,0.0020,29,27,0,2,63,72,84,893,0,184,62,zone_indeterminee,10
997,0xf94000,0xf97fff,3.3954,0.6402,0.0026,0,0,0,0,37,51,73,440,0,189,49,zone_indeterminee,10
998,0xf98000,0xf9bfff,3.1852,0.6530,0.0000,0,0,0,0,37,50,77,435,0,157,74,zone_indeterminee,10
999,0xf9c000,0xf9ffff,3.4466,0.6409,0.0049,0,0,0,0,133,162,75,593,0,172,47,zone_indeterminee,10
1000,0xfa0000,0xfa3fff,3.2073,0.6517,0.0004,0,0,0,0,57,72,89,541,0,168,64,zone_indeterminee,10
1001,0xfa4000,0xfa7fff,2.8172,0.7121,0.0053,16,1,2,13,38,53,58,423,0,171,55,zone_indeterminee,10
1002,0xfa8000,0xfabfff,2.4341,0.7663,0.0062,8,2,0,6,39,56,19,117,0,128,60,zone_indeterminee,10
1003,0xfac000,0xfaffff,3.8005,0.5081,0.0001,13,1,0,12,150,173,94,2405,0,179,46,zone_indeterminee,10
1004,0xfb0000,0xfb3fff,3.0228,0.6886,0.0016,43,3,22,18,64,81,75,689,0,149,39,zone_indeterminee,10
1005,0xfb4000,0xfb7fff,2.8694,0.7129,0.0092,19,0,0,19,49,65,45,472,0,144,52,zone_indeterminee,10
1006,0xfb8000,0xfbbfff,3.0174,0.6730,0.0096,7,1,0,6,38,38,71,978,0,140,67,zone_indeterminee,10
1007,0xfbc000,0xfbffff,3.0064,0.6653,0.0134,19,0,0,19,150,186,84,908,0,123,66,zone_indeterminee,10
1008,0xfc0000,0xfc3fff,3.0630,0.6594,0.0039,32,26,0,6,84,87,101,1251,0,109,81,zone_indeterminee,10
1009,0xfc4000,0xfc7fff,3.0643,0.6574,0.0115,36,0,1,35,38,38,83,858,0,123,105,zone_indeterminee,10
1010,0xfc8000,0xfcbfff,3.2113,0.6442,0.0171,11,0,0,11,67,214,97,836,0,140,83,zone_indeterminee,10
1011,0xfcc000,0xfcffff,3.3516,0.6224,0.0147,9,0,4,5,168,212,137,949,0,115,61,zone_indeterminee,10
1012,0xfd0000,0xfd3fff,3.3838,0.6283,0.0073,40,3,33,4,73,103,138,1136,0,131,85,zone_indeterminee,10
1013,0xfd4000,0xfd7fff,3.0206,0.6763,0.0057,24,18,0,6,41,41,39,296,0,158,70,zone_indeterminee,10
1014,0xfd8000,0xfdbfff,2.9664,0.6786,0.0069,28,18,0,10,39,39,80,866,0,138,89,zone_indeterminee,10
1015,0xfdc000,0xfdffff,3.0733,0.6838,0.0012,1,0,0,1,178,222,38,564,0,194,52,zone_indeterminee,10
1016,0xfe0000,0xfe3fff,2.8559,0.7083,0.0015,1,0,1,0,92,112,70,396,0,164,53,zone_indeterminee,10
1017,0xfe4000,0xfe7fff,2.0002,0.8057,0.0000,0,0,0,0,27,33,11,55,0,155,64,zone_indeterminee,10
1018,0xfe8000,0xfebfff,2.7601,0.7136,0.0054,3,0,0,3,35,44,47,273,0,127,63,zone_indeterminee,10
1019,0xfec000,0xfeffff,3.0548,0.6793,0.0077,6,2,0,4,201,255,40,266,0,146,80,table_pointeurs_probable,45
1020,0xff0000,0xff3fff,3.4694,0.6313,0.0056,1,1,0,0,112,134,46,260,0,154,63,zone_indeterminee,10
1021,0xff4000,0xff7fff,2.1490,0.7900,0.0042,5,1,4,0,40,53,32,190,0,168,81,zone_indeterminee,10
1022,0xff8000,0xffbfff,2.4012,0.7524,0.0122,14,0,0,14,18,22,63,454,0,135,73,zone_indeterminee,10
1023,0xffc000,0xffffff,3.6190,0.6056,0.0107,0,0,0,0,208,296,74,551,0,133,68,table_pointeurs_probable,46
1024,0x1000000,0x1003fff,3.1278,0.6784,0.0043,0,0,0,0,294,788,45,240,0,123,51,table_pointeurs_probable,56
1025,0x1004000,0x1007fff,2.8068,0.7056,0.0001,2,0,0,2,150,216,42,256,0,146,49,zone_indeterminee,10
1026,0x1008000,0x100bfff,2.2274,0.7767,0.0001,0,0,0,0,108,131,25,182,0,150,70,zone_indeterminee,10
1027,0x100c000,0x100ffff,2.7046,0.7245,0.0116,19,16,0,3,259,345,42,312,0,153,34,table_pointeurs_probable,47
1028,0x1010000,0x1013fff,2.7349,0.7222,0.0073,0,0,0,0,140,190,44,234,0,135,34,zone_indeterminee,10
1029,0x1014000,0x1017fff,3.0400,0.6861,0.0003,1,1,0,0,57,70,33,203,0,168,58,zone_indeterminee,10
1030,0x1018000,0x101bfff,3.2372,0.6290,0.0036,0,0,0,0,44,64,41,233,0,196,45,zone_indeterminee,10
1031,0x101c000,0x101ffff,1.7780,0.8278,0.0021,2,2,0,0,195,257,25,156,0,177,42,table_pointeurs_probable,45
1032,0x1020000,0x1023fff,3.2125,0.6632,0.0084,0,0,0,0,134,161,60,418,0,178,39,zone_indeterminee,10
1033,0x1024000,0x1027fff,2.7508,0.7218,0.0039,1,1,0,0,46,61,52,372,0,140,53,zone_indeterminee,10
1034,0x1028000,0x102bfff,3.1764,0.6378,0.0059,21,1,13,7,37,46,54,397,0,148,59,zone_indeterminee,10
1035,0x102c000,0x102ffff,4.3855,0.3537,0.0030,2,0,2,0,159,262,126,1295,0,151,47,table_pointeurs_probable,45
1036,0x1030000,0x1033fff,4.7818,0.1876,0.0060,0,0,0,0,167,207,242,4915,0,137,64,zone_texte_possible,25
1037,0x1034000,0x1037fff,4.8401,0.1303,0.0164,69,20,12,37,132,181,70,738,0,139,48,zone_indeterminee,10
1038,0x1038000,0x103bfff,6.7239,0.1268,0.0194,235,133,62,40,41,41,124,631,0,100,79,zone_compressee_possible,30
1039,0x103c000,0x103ffff,6.7138,0.1293,0.0189,236,135,61,40,181,276,120,619,0,124,61,table_pointeurs_probable,45
1040,0x1040000,0x1043fff,6.6249,0.1299,0.0227,194,120,38,36,205,304,121,639,0,125,70,table_pointeurs_probable,46
1041,0x1044000,0x1047fff,6.6193,0.1213,0.0238,225,137,52,36,40,40,72,368,0,127,71,zone_compressee_possible,30
1042,0x1048000,0x104bfff,6.4478,0.1714,0.0201,215,125,57,33,65,278,67,338,0,194,75,table_pointeurs_probable,45
1043,0x104c000,0x104ffff,3.7288,0.4081,0.0459,27,6,8,13,223,386,0,0,0,118,55,table_pointeurs_probable,48
1044,0x1050000,0x1053fff,3.6186,0.4662,0.0345,23,10,5,8,296,620,0,0,0,125,48,table_pointeurs_probable,52
1045,0x1054000,0x1057fff,4.4465,0.3554,0.0247,31,18,10,3,83,307,0,0,0,135,87,table_pointeurs_probable,46
1046,0x1058000,0x105bfff,7.3163,0.0207,0.0197,106,50,38,18,8,8,357,2459,0,123,39,table_texte_probable,50
1047,0x105c000,0x105ffff,7.6386,0.0081,0.0092,74,33,23,18,110,141,453,3433,0,130,86,table_texte_probable,55
1048,0x1060000,0x1063fff,7.6837,0.0077,0.0077,85,38,34,13,217,514,313,4299,0,140,87,table_pointeurs_probable,50
1049,0x1064000,0x1067fff,7.2214,0.0156,0.0146,189,114,59,16,11,18,155,2481,0,138,105,zone_compressee_possible,30
1050,0x1068000,0x106bfff,7.4429,0.0153,0.0118,173,118,44,11,8,23,134,3338,0,118,105,zone_compressee_possible,30
1051,0x106c000,0x106ffff,7.2217,0.0291,0.0233,154,87,55,12,102,127,153,2382,0,127,78,zone_compressee_possible,30
1052,0x1070000,0x1073fff,6.9013,0.0183,0.0198,148,95,36,17,229,649,161,1057,0,128,55,table_pointeurs_probable,53
1053,0x1074000,0x1077fff,6.6931,0.0367,0.0312,106,75,28,3,15,17,137,1276,0,140,63,zone_compressee_possible,30
1054,0x1078000,0x107bfff,7.3746,0.0135,0.0117,138,90,37,11,9,9,65,3229,0,140,81,zone_compressee_possible,30
1055,0x107c000,0x107ffff,7.1562,0.0358,0.0352,98,60,30,8,91,111,60,2094,0,156,67,zone_indeterminee,10
1056,0x1080000,0x1083fff,7.1227,0.0221,0.0243,129,90,29,10,338,1089,29,376,0,128,85,table_pointeurs_probable,62
1057,0x1084000,0x1087fff,6.7193,0.0287,0.0302,118,70,25,23,462,577,102,680,0,146,65,table_pointeurs_probable,51
1058,0x1088000,0x108bfff,6.4353,0.0891,0.0873,74,29,38,7,62,78,103,2871,0,116,55,zone_indeterminee,10
1059,0x108c000,0x108ffff,7.8274,0.0055,0.0050,91,29,42,20,48,53,342,6086,0,118,56,table_texte_probable,50
1060,0x1090000,0x1093fff,7.6340,0.0106,0.0090,144,69,47,28,168,903,300,3830,0,132,62,table_pointeurs_probable,58
1061,0x1094000,0x1097fff,7.5524,0.0100,0.0089,89,37,25,27,25,53,332,3959,0,144,68,zone_texte_possible,25
1062,0x1098000,0x109bfff,7.6832,0.0060,0.0062,167,74,64,29,14,16,428,4703,0,106,76,table_texte_probable,54
1063,0x109c000,0x109ffff,7.2233,0.0190,0.0174,151,101,41,9,1237,1672,312,2335,0,128,75,table_pointeurs_probable,73
1064,0x10a0000,0x10a3fff,7.4597,0.0151,0.0104,171,101,46,24,243,859,215,3281,0,94,66,table_pointeurs_probable,57
1065,0x10a4000,0x10a7fff,7.3047,0.0129,0.0110,146,107,29,10,5,5,133,956,0,119,60,zone_compressee_possible,30
1066,0x10a8000,0x10abfff,7.2718,0.0114,0.0128,148,89,40,19,7,7,100,1063,0,109,58,zone_compressee_possible,30
1067,0x10ac000,0x10affff,7.5008,0.0106,0.0112,104,41,38,25,21,22,225,1434,0,112,64,zone_compressee_possible,30
1068,0x10b0000,0x10b3fff,7.1224,0.0239,0.0229,171,117,44,10,268,652,186,1190,0,143,65,table_pointeurs_probable,53
1069,0x10b4000,0x10b7fff,7.0407,0.0162,0.0173,151,104,32,15,9,9,254,2382,0,138,64,zone_compressee_possible,30
1070,0x10b8000,0x10bbfff,6.9618,0.0168,0.0124,191,119,46,26,7,7,296,2178,0,133,78,zone_compressee_possible,30
1071,0x10bc000,0x10bffff,7.6317,0.0079,0.0085,98,44,25,29,33,35,444,4155,0,158,89,table_texte_probable,55
1072,0x10c0000,0x10c3fff,7.2673,0.0140,0.0145,165,102,44,19,229,471,155,1924,0,119,97,table_pointeurs_probable,49
1073,0x10c4000,0x10c7fff,7.3016,0.0126,0.0124,192,118,54,20,13,14,168,1943,0,125,101,zone_compressee_possible,30
1074,0x10c8000,0x10cbfff,6.3778,0.0567,0.0469,112,81,23,8,4,5,149,912,0,120,78,zone_compressee_possible,30
1075,0x10cc000,0x10cffff,7.2675,0.0065,0.0066,89,49,35,5,41,42,364,2602,0,129,63,table_texte_probable,51
1076,0x10d0000,0x10d3fff,7.8355,0.0053,0.0051,68,26,27,15,204,375,345,5008,0,118,69,table_texte_probable,50
1077,0x10d4000,0x10d7fff,7.8948,0.0059,0.0052,64,19,31,14,9,11,595,5030,0,101,77,table_texte_probable,62
1078,0x10d8000,0x10dbfff,7.8169,0.0151,0.0065,68,31,19,18,5,6,453,4480,0,98,103,table_texte_probable,55
1079,0x10dc000,0x10dffff,7.5227,0.0178,0.0193,86,37,27,22,32,35,354,3621,0,125,85,table_texte_probable,50
1080,0x10e0000,0x10e3fff,6.4936,0.0312,0.0286,170,131,31,8,205,309,140,961,0,116,64,table_pointeurs_probable,46
1081,0x10e4000,0x10e7fff,7.7387,0.0093,0.0065,114,53,51,10,9,11,414,4309,0,140,61,table_texte_probable,53
1082,0x10e8000,0x10ebfff,7.3962,0.0252,0.0222,91,41,33,17,5,5,83,1218,0,119,57,zone_indeterminee,10
1083,0x10ec000,0x10effff,6.7047,0.0671,0.0612,69,45,15,9,30,33,36,271,0,134,86,zone_indeterminee,10
1084,0x10f0000,0x10f3fff,7.2296,0.0154,0.0151,169,112,37,20,192,291,118,1203,0,117,79,table_pointeurs_probable,46
1085,0x10f4000,0x10f7fff,6.2618,0.0829,0.0641,22,7,6,9,8,8,188,1862,0,128,97,code_thumb_probable,50
1086,0x10f8000,0x10fbfff,6.7895,0.0475,0.0423,87,58,21,8,5,8,99,760,0,125,112,zone_indeterminee,10
1087,0x10fc000,0x10fffff,7.5073,0.0132,0.0123,97,31,35,31,43,52,475,3953,0,152,106,table_texte_probable,56
1088,0x1100000,0x1103fff,7.7404,0.0166,0.0108,95,36,36,23,220,301,295,4590,0,118,88,table_pointeurs_probable,46
1089,0x1104000,0x1107fff,7.7921,0.0081,0.0084,91,45,38,8,21,26,279,4564,0,114,72,zone_texte_possible,25
1090,0x1108000,0x110bfff,7.8360,0.0057,0.0060,93,41,32,20,13,13,318,4811,0,139,80,zone_texte_possible,25
1091,0x110c000,0x110ffff,7.8882,0.0049,0.0042,65,28,22,15,48,51,320,5518,0,131,38,zone_texte_possible,25
1092,0x1110000,0x1113fff,7.8999,0.0056,0.0051,79,37,32,10,202,280,351,5043,0,116,46,table_texte_probable,50
1093,0x1114000,0x1117fff,7.6963,0.0088,0.0091,72,31,21,20,24,25,381,3227,0,128,46,table_texte_probable,51
1094,0x1118000,0x111bfff,7.7315,0.0093,0.0077,52,21,17,14,20,24,609,3140,0,110,54,table_texte_probable,63
1095,0x111c000,0x111ffff,7.3365,0.0098,0.0099,111,50,37,24,34,35,246,1348,0,114,47,zone_compressee_possible,30
1096,0x1120000,0x1123fff,7.5233,0.0145,0.0152,92,40,41,11,177,229,179,4957,0,113,46,zone_indeterminee,10
1097,0x1124000,0x1127fff,7.2826,0.0126,0.0139,159,70,54,35,22,28,318,2748,0,107,59,zone_compressee_possible,30
1098,0x1128000,0x112bfff,7.3346,0.0135,0.0129,150,84,50,16,13,14,389,2332,0,108,67,table_texte_probable,52
1099,0x112c000,0x112ffff,7.1482,0.0149,0.0159,210,161,45,4,29,30,140,2459,0,128,56,zone_compressee_possible,30
1100,0x1130000,0x1133fff,7.6014,0.0076,0.0056,129,73,47,9,150,189,193,4912,0,146,78,zone_compressee_possible,30
1101,0x1134000,0x1137fff,7.3744,0.0109,0.0103,159,85,56,18,16,22,242,2670,0,147,64,zone_compressee_possible,30
1102,0x1138000,0x113bfff,7.5104,0.0089,0.0092,96,34,42,20,9,13,341,2368,0,122,74,zone_texte_possible,25
1103,0x113c000,0x113ffff,7.3805,0.0163,0.0144,57,30,15,12,28,33,147,2139,0,133,54,zone_indeterminee,10
1104,0x1140000,0x1143fff,7.3162,0.0155,0.0129,105,56,24,25,142,166,312,3078,0,132,76,zone_compressee_possible,30
1105,0x1144000,0x1147fff,7.4692,0.0084,0.0054,130,66,47,17,14,19,257,4595,0,86,87,zone_compressee_possible,30
1106,0x1148000,0x114bfff,7.6852,0.0073,0.0060,95,49,31,15,7,15,156,5231,0,145,58,zone_indeterminee,10
1107,0x114c000,0x114ffff,7.4293,0.0161,0.0154,109,72,27,10,14,18,76,2583,0,148,66,zone_compressee_possible,30
1108,0x1150000,0x1153fff,7.4078,0.0128,0.0105,116,56,38,22,136,161,210,3712,0,117,71,zone_compressee_possible,30
1109,0x1154000,0x1157fff,7.5244,0.0092,0.0073,129,53,46,30,16,18,368,3908,0,100,95,table_texte_probable,51
1110,0x1158000,0x115bfff,7.2965,0.0109,0.0109,102,37,40,25,8,9,249,1418,0,110,62,zone_compressee_possible,30
1111,0x115c000,0x115ffff,7.3090,0.0140,0.0126,85,35,22,28,14,19,308,1462,0,129,71,zone_texte_possible,25
1112,0x1160000,0x1163fff,6.6590,0.0366,0.0393,151,78,55,18,124,157,182,1159,0,126,82,zone_compressee_possible,30
1113,0x1164000,0x1167fff,7.5652,0.0137,0.0102,147,86,57,4,18,21,156,3475,0,120,89,zone_compressee_possible,30
1114,0x1168000,0x116bfff,7.5396,0.0107,0.0100,137,74,50,13,9,12,213,3773,0,115,72,zone_compressee_possible,30
1115,0x116c000,0x116ffff,7.3070,0.0115,0.0093,201,110,75,16,19,22,254,3360,0,108,87,zone_compressee_possible,30
1116,0x1170000,0x1173fff,7.6382,0.0089,0.0080,131,75,39,17,106,119,268,4882,0,132,56,zone_compressee_possible,30
1117,0x1174000,0x1177fff,7.8981,0.0072,0.0058,133,60,55,18,10,12,203,5343,0,149,63,zone_compressee_possible,30
1118,0x1178000,0x117bfff,7.6867,0.0090,0.0077,59,23,24,12,10,10,498,3899,0,135,59,table_texte_probable,57
1119,0x117c000,0x117ffff,7.8016,0.0060,0.0057,41,9,16,16,10,10,742,3384,0,137,62,table_texte_probable,70
1120,0x1180000,0x1183fff,7.2926,0.0132,0.0112,142,81,44,17,91,106,323,2989,0,132,110,zone_compressee_possible,30
1121,0x1184000,0x1187fff,7.3693,0.0124,0.0121,106,45,36,25,8,10,439,3210,0,114,89,table_texte_probable,54
1122,0x1188000,0x118bfff,7.2998,0.0189,0.0151,112,73,21,18,11,13,339,2079,0,127,69,zone_compressee_possible,30
1123,0x118c000,0x118ffff,7.0210,0.0245,0.0253,143,101,35,7,8,11,241,2198,0,111,69,zone_compressee_possible,30
1124,0x1190000,0x1193fff,7.4610,0.0149,0.0060,108,45,34,29,94,111,572,4259,0,101,57,table_texte_probable,61
1125,0x1194000,0x1197fff,7.6362,0.0107,0.0087,42,11,13,18,10,12,683,4292,0,111,60,table_texte_probable,67
1126,0x1198000,0x119bfff,7.7007,0.0151,0.0138,91,54,23,14,11,16,543,4962,0,117,87,table_texte_probable,60
1127,0x119c000,0x119ffff,7.6527,0.0126,0.0106,59,41,12,6,12,14,473,4021,0,104,78,table_texte_probable,56
1128,0x11a0000,0x11a3fff,7.7223,0.0081,0.0077,13,4,1,8,75,84,970,5383,0,136,59,table_texte_probable,81
1129,0x11a4000,0x11a7fff,7.6647,0.0126,0.0112,95,33,36,26,7,10,548,4466,0,113,76,table_texte_probable,60
1130,0x11a8000,0x11abfff,7.4626,0.0089,0.0088,177,86,71,20,9,13,329,3569,0,104,51,zone_compressee_possible,30
1131,0x11ac000,0x11affff,7.4038,0.0110,0.0106,145,85,49,11,11,14,190,2701,0,116,65,zone_compressee_possible,30
1132,0x11b0000,0x11b3fff,7.4993,0.0045,0.0029,26,8,9,9,56,63,432,4476,0,126,68,table_texte_probable,54
1133,0x11b4000,0x11b7fff,6.9123,0.0762,0.0727,103,50,41,12,22,29,141,1912,0,122,80,zone_compressee_possible,30
1134,0x11b8000,0x11bbfff,3.4229,0.2111,0.2023,4,4,0,0,6,6,0,0,0,133,66,zone_indeterminee,10
1135,0x11bc000,0x11bffff,5.2184,0.2312,0.1139,35,25,7,3,14,19,5,34,0,121,85,zone_indeterminee,10
1136,0x11c0000,0x11c3fff,6.2686,0.0505,0.0500,92,66,22,4,67,71,36,479,0,110,66,zone_indeterminee,10
1137,0x11c4000,0x11c7fff,5.2848,0.1613,0.1569,34,21,8,5,14,19,56,402,0,120,69,zone_indeterminee,10
1138,0x11c8000,0x11cbfff,6.9462,0.0723,0.0547,137,112,16,9,6,13,55,1330,0,111,85,zone_compressee_possible,30
1139,0x11cc000,0x11cffff,6.9159,0.0419,0.0305,117,79,30,8,10,10,152,1738,0,139,68,zone_compressee_possible,30
1140,0x11d0000,0x11d3fff,6.5591,0.0599,0.0587,94,60,23,11,80,86,205,1695,0,111,50,zone_texte_possible,25
1141,0x11d4000,0x11d7fff,6.0612,0.0688,0.0659,106,83,20,3,16,21,91,614,0,94,61,zone_compressee_possible,30
1142,0x11d8000,0x11dbfff,5.7569,0.0951,0.1151,66,53,13,0,6,11,51,1039,0,102,57,zone_indeterminee,10
1143,0x11dc000,0x11dffff,6.7695,0.0554,0.0527,106,81,21,4,13,26,78,1643,0,114,75,zone_compressee_possible,30
1144,0x11e0000,0x11e3fff,6.2769,0.0533,0.0523,111,78,26,7,67,68,99,648,0,125,75,zone_compressee_possible,30
1145,0x11e4000,0x11e7fff,6.4839,0.0521,0.0503,212,168,34,10,17,20,77,1337,0,115,44,zone_compressee_possible,30
1146,0x11e8000,0x11ebfff,7.0507,0.0220,0.0172,186,119,53,14,8,11,92,1927,0,129,40,zone_compressee_possible,30
1147,0x11ec000,0x11effff,7.1137,0.0181,0.0157,173,113,38,22,8,26,102,734,0,108,80,zone_compressee_possible,30
1148,0x11f0000,0x11f3fff,6.3630,0.0642,0.0612,95,66,20,9,63,66,14,64,0,109,87,zone_indeterminee,10
1149,0x11f4000,0x11f7fff,6.3607,0.0550,0.0420,93,65,24,4,11,11,17,81,0,102,77,zone_indeterminee,10
1150,0x11f8000,0x11fbfff,5.2138,0.1335,0.1096,91,81,10,0,14,30,22,163,0,123,114,zone_indeterminee,10
1151,0x11fc000,0x11fffff,5.4033,0.0425,0.0427,32,28,2,2,8,8,0,0,0,124,96,zone_indeterminee,10
1152,0x1200000,0x1203fff,6.7484,0.0425,0.0350,162,105,44,13,66,80,207,1427,0,107,78,zone_compressee_possible,30
1153,0x1204000,0x1207fff,7.0335,0.0552,0.0476,66,31,19,16,33,53,171,3360,0,103,77,zone_indeterminee,10
1154,0x1208000,0x120bfff,7.5163,0.0178,0.0147,148,93,42,13,17,134,209,3577,0,102,95,zone_compressee_possible,30
1155,0x120c000,0x120ffff,7.3911,0.0101,0.0072,159,66,66,27,17,20,381,3089,0,105,69,table_texte_probable,51
1156,0x1210000,0x1213fff,7.7044,0.0104,0.0066,93,43,30,20,64,107,535,3675,0,94,33,table_texte_probable,59
1157,0x1214000,0x1217fff,7.6044,0.0090,0.0074,128,82,35,11,12,16,319,3993,0,119,41,zone_compressee_possible,30
1158,0x1218000,0x121bfff,7.4826,0.0120,0.0109,101,43,32,26,9,9,459,2646,0,126,87,table_texte_probable,55
1159,0x121c000,0x121ffff,7.5845,0.0084,0.0075,118,42,36,40,16,18,521,3413,0,119,85,table_texte_probable,58
1160,0x1220000,0x1223fff,7.3403,0.0167,0.0149,112,69,30,13,63,67,344,2845,0,110,43,table_texte_probable,50
1161,0x1224000,0x1227fff,7.7061,0.0183,0.0141,77,49,16,12,26,39,479,3569,0,122,67,table_texte_probable,56
1162,0x1228000,0x122bfff,7.9032,0.0074,0.0057,58,30,12,16,19,31,502,4893,0,106,94,table_texte_probable,58
1163,0x122c000,0x122ffff,7.5295,0.0087,0.0066,88,47,24,17,19,107,396,3994,0,103,63,table_texte_probable,52
1164,0x1230000,0x1233fff,7.4835,0.0386,0.0396,173,133,40,0,60,64,45,3442,0,91,56,zone_compressee_possible,30
1165,0x1234000,0x1237fff,6.5829,0.0294,0.0429,220,178,37,5,20,21,65,1217,0,116,51,zone_compressee_possible,30
1166,0x1238000,0x123bfff,6.8918,0.0410,0.0436,117,72,34,11,5,6,91,633,0,147,54,zone_compressee_possible,30
1167,0x123c000,0x123ffff,6.9958,0.0147,0.0135,174,128,35,11,6,7,218,1767,0,121,64,zone_compressee_possible,30
1168,0x1240000,0x1243fff,7.3769,0.0149,0.0138,136,76,41,19,41,47,257,2530,0,112,61,zone_compressee_possible,30
1169,0x1244000,0x1247fff,7.6536,0.0132,0.0106,68,32,19,17,15,16,460,4032,0,141,57,table_texte_probable,55
1170,0x1248000,0x124bfff,7.8595,0.0082,0.0081,40,19,10,11,7,9,471,4683,0,119,66,table_texte_probable,56
1171,0x124c000,0x124ffff,7.9039,0.0053,0.0040,36,12,17,7,11,13,592,6050,0,102,71,table_texte_probable,62
1172,0x1250000,0x1253fff,7.8617,0.0055,0.0053,59,15,23,21,30,34,466,5751,0,103,66,table_texte_probable,56
1173,0x1254000,0x1257fff,7.8026,0.0028,0.0028,21,15,5,1,23,23,268,6782,0,111,88,zone_texte_possible,25
1174,0x1258000,0x125bfff,6.6289,0.0573,0.0552,102,81,15,6,5,6,50,1495,0,116,119,zone_compressee_possible,30
1175,0x125c000,0x125ffff,7.7752,0.0088,0.0078,83,30,32,21,5,6,495,4341,0,127,59,table_texte_probable,57
1176,0x1260000,0x1263fff,7.4605,0.0114,0.0112,134,99,19,16,26,29,291,3672,0,131,69,zone_compressee_possible,30
1177,0x1264000,0x1267fff,7.3995,0.0151,0.0124,110,49,43,18,19,19,282,2377,0,113,74,zone_compressee_possible,30
1178,0x1268000,0x126bfff,7.7047,0.0114,0.0093,94,52,22,20,8,12,322,4418,0,120,83,zone_texte_possible,25
1179,0x126c000,0x126ffff,6.8741,0.0243,0.0258,96,78,13,5,8,10,84,1755,0,100,73,zone_indeterminee,10
1180,0x1270000,0x1273fff,6.8232,0.0507,0.0496,36,22,8,6,23,29,207,1946,0,106,63,zone_texte_possible,25
1181,0x1274000,0x1277fff,7.5281,0.0112,0.0114,103,57,42,4,13,14,351,5027,0,138,47,table_texte_probable,50
1182,0x1278000,0x127bfff,6.9501,0.0215,0.0254,189,126,51,12,6,6,271,2333,0,114,64,zone_compressee_possible,30
1183,0x127c000,0x127ffff,7.4213,0.0115,0.0119,147,88,42,17,12,26,446,3469,0,145,78,table_texte_probable,55
1184,0x1280000,0x1283fff,7.4059,0.0159,0.0162,100,41,34,25,29,31,478,2914,0,118,84,table_texte_probable,56
1185,0x1284000,0x1287fff,7.1619,0.0400,0.0415,95,48,36,11,13,15,178,853,0,138,94,zone_indeterminee,10
1186,0x1288000,0x128bfff,7.7550,0.0073,0.0051,49,24,15,10,6,8,631,2983,0,106,107,table_texte_probable,64
1187,0x128c000,0x128ffff,7.7426,0.0112,0.0082,84,37,31,16,4,5,341,4439,0,138,91,zone_texte_possible,25
1188,0x1290000,0x1293fff,7.0108,0.0390,0.0352,150,100,36,14,29,32,169,1931,0,119,73,zone_compressee_possible,30
1189,0x1294000,0x1297fff,7.7489,0.0098,0.0099,69,21,32,16,20,21,489,3774,0,111,55,table_texte_probable,57
1190,0x1298000,0x129bfff,6.6223,0.0565,0.0554,94,79,10,5,5,6,232,1630,0,116,75,zone_texte_possible,25
1191,0x129c000,0x129ffff,6.6353,0.0164,0.0199,209,143,48,18,2,2,161,1149,0,151,93,zone_compressee_possible,30
1192,0x12a0000,0x12a3fff,6.7606,0.0175,0.0180,190,114,55,21,13,13,213,1414,0,133,66,zone_compressee_possible,30
1193,0x12a4000,0x12a7fff,7.6382,0.0131,0.0109,188,138,45,5,9,11,92,4283,0,134,82,zone_compressee_possible,30
1194,0x12a8000,0x12abfff,7.8340,0.0092,0.0104,113,68,36,9,5,5,147,4784,0,138,55,zone_compressee_possible,30
1195,0x12ac000,0x12affff,7.4883,0.0402,0.0316,83,49,22,12,8,8,351,3834,0,176,72,table_texte_probable,50
1196,0x12b0000,0x12b3fff,7.1264,0.0149,0.0118,119,51,54,14,21,26,252,3365,0,122,77,zone_compressee_possible,30
1197,0x12b4000,0x12b7fff,7.5350,0.0101,0.0067,120,64,35,21,16,16,466,3847,0,164,77,table_texte_probable,56
1198,0x12b8000,0x12bbfff,7.2799,0.0118,0.0109,175,105,50,20,9,9,269,2619,0,142,78,zone_compressee_possible,30
1199,0x12bc000,0x12bffff,7.1940,0.0160,0.0158,170,118,47,5,5,5,110,3233,0,142,63,zone_compressee_possible,30
1200,0x12c0000,0x12c3fff,7.1717,0.0162,0.0152,201,148,48,5,23,24,88,3186,0,126,50,zone_compressee_possible,30
1201,0x12c4000,0x12c7fff,7.4611,0.0118,0.0115,184,120,61,3,18,18,113,4197,0,138,49,zone_compressee_possible,30
1202,0x12c8000,0x12cbfff,7.2644,0.0132,0.0112,211,152,50,9,5,5,127,2279,0,153,45,zone_compressee_possible,30
1203,0x12cc000,0x12cffff,7.2010,0.0184,0.0183,72,45,20,7,7,7,295,1840,0,142,54,zone_texte_possible,25
1204,0x12d0000,0x12d3fff,7.2645,0.0159,0.0142,153,89,54,10,19,20,242,3036,0,125,43,zone_compressee_possible,30
1205,0x12d4000,0x12d7fff,7.5751,0.0080,0.0087,161,70,66,25,19,19,317,4184,0,119,37,zone_compressee_possible,30
1206,0x12d8000,0x12dbfff,7.6289,0.0077,0.0071,158,64,63,31,9,9,503,4217,0,132,25,table_texte_probable,58
1207,0x12dc000,0x12dffff,7.5800,0.0084,0.0076,142,57,63,22,10,10,306,3869,0,132,44,zone_compressee_possible,30
1208,0x12e0000,0x12e3fff,7.4756,0.0073,0.0071,98,42,32,24,19,19,457,3707,0,160,56,table_texte_probable,55
1209,0x12e4000,0x12e7fff,7.3149,0.0142,0.0141,143,96,33,14,11,11,141,2381,0,148,54,zone_compressee_possible,30
1210,0x12e8000,0x12ebfff,7.7806,0.0054,0.0038,65,22,20,23,4,4,409,5590,0,136,47,table_texte_probable,53
1211,0x12ec000,0x12effff,7.7259,0.0071,0.0068,63,37,13,13,6,6,211,4673,0,176,46,zone_texte_possible,25
1212,0x12f0000,0x12f3fff,7.8677,0.0039,0.0051,71,45,21,5,48,73,121,4892,0,148,76,zone_indeterminee,10
1213,0x12f4000,0x12f7fff,7.5495,0.0037,0.0034,50,30,14,6,15,16,81,4308,0,169,62,zone_indeterminee,10
1214,0x12f8000,0x12fbfff,7.5966,0.0106,0.0090,135,83,39,13,2,3,131,3802,0,151,66,zone_compressee_possible,30
1215,0x12fc000,0x12fffff,7.1760,0.0183,0.0174,139,103,25,11,7,7,112,2015,0,125,101,zone_compressee_possible,30
1216,0x1300000,0x1303fff,6.3532,0.0644,0.0620,85,69,13,3,28,32,49,1179,0,139,69,zone_indeterminee,10
1217,0x1304000,0x1307fff,6.1474,0.0966,0.1016,90,64,18,8,12,12,47,1003,0,140,62,zone_indeterminee,10
1218,0x1308000,0x130bfff,5.7538,0.1147,0.1010,58,41,11,6,9,9,4,23,0,134,74,zone_indeterminee,10
1219,0x130c000,0x130ffff,6.4381,0.0614,0.0721,96,66,25,5,16,17,43,1354,0,147,76,zone_indeterminee,10
1220,0x1310000,0x1313fff,7.2821,0.0207,0.0164,205,155,50,0,22,40,59,2724,0,144,60,zone_compressee_possible,30
1221,0x1314000,0x1317fff,7.3701,0.0316,0.0363,191,152,39,0,20,20,75,3445,0,130,31,zone_compressee_possible,30
1222,0x1318000,0x131bfff,6.3918,0.0449,0.0408,79,63,11,5,5,5,122,595,0,152,47,zone_indeterminee,10
1223,0x131c000,0x131ffff,7.4004,0.0153,0.0148,111,62,33,16,10,10,204,3217,0,149,113,zone_compressee_possible,30
1224,0x1320000,0x1323fff,7.5589,0.0112,0.0102,114,37,37,40,23,23,416,4116,0,160,108,table_texte_probable,53
1225,0x1324000,0x1327fff,7.1988,0.0182,0.0154,83,25,28,30,18,18,386,3026,0,142,32,table_texte_probable,52
1226,0x1328000,0x132bfff,7.0022,0.0200,0.0181,75,47,14,14,8,8,241,2102,0,115,58,zone_texte_possible,25
1227,0x132c000,0x132ffff,6.9381,0.0201,0.0156,168,78,68,22,13,13,330,1691,0,155,44,zone_compressee_possible,30
1228,0x1330000,0x1333fff,6.7890,0.0207,0.0184,90,35,43,12,32,46,207,1547,0,130,52,zone_texte_possible,25
1229,0x1334000,0x1337fff,7.1555,0.0171,0.0140,168,124,39,5,19,19,80,2287,0,159,52,zone_compressee_possible,30
1230,0x1338000,0x133bfff,6.9965,0.0339,0.0271,103,65,29,9,12,13,49,1482,0,150,58,zone_compressee_possible,30
1231,0x133c000,0x133ffff,6.5419,0.0628,0.0388,151,104,39,8,15,15,85,995,0,140,67,zone_compressee_possible,30
1232,0x1340000,0x1343fff,6.9617,0.0252,0.0236,148,104,34,10,15,16,117,1623,0,135,63,zone_compressee_possible,30
1233,0x1344000,0x1347fff,6.3430,0.0485,0.0491,104,69,29,6,17,19,41,844,0,126,56,zone_compressee_possible,30
1234,0x1348000,0x134bfff,6.7728,0.0151,0.0156,151,118,25,8,3,4,24,164,0,125,96,zone_compressee_possible,30
1235,0x134c000,0x134ffff,6.5383,0.0375,0.0342,107,74,23,10,11,11,86,596,0,153,49,zone_compressee_possible,30
1236,0x1350000,0x1353fff,5.9487,0.0478,0.0343,85,71,13,1,14,20,43,543,0,118,50,zone_indeterminee,10
1237,0x1354000,0x1357fff,6.7597,0.0303,0.0286,130,92,28,10,14,14,153,1446,0,140,67,zone_compressee_possible,30
1238,0x1358000,0x135bfff,7.4406,0.0166,0.0165,95,64,12,19,7,7,260,1570,0,124,86,zone_texte_possible,25
1239,0x135c000,0x135ffff,7.1333,0.0312,0.0289,85,52,21,12,7,9,158,1034,0,145,46,zone_indeterminee,10
1240,0x1360000,0x1363fff,7.1326,0.0158,0.0132,161,78,52,31,16,16,405,2303,0,128,59,table_texte_probable,53
1241,0x1364000,0x1367fff,7.2054,0.0120,0.0118,157,65,54,38,11,12,431,2608,0,143,71,table_texte_probable,54
1242,0x1368000,0x136bfff,7.5028,0.0078,0.0068,92,43,38,11,5,5,472,3972,0,136,68,table_texte_probable,56
1243,0x136c000,0x136ffff,7.2977,0.0117,0.0109,119,74,28,17,10,10,297,1788,0,159,55,zone_compressee_possible,30
1244,0x1370000,0x1373fff,7.0552,0.0263,0.0240,105,85,12,8,14,16,105,2275,0,136,64,zone_compressee_possible,30
1245,0x1374000,0x1377fff,7.1642,0.0246,0.0226,162,112,38,12,15,15,106,2263,0,152,42,zone_compressee_possible,30
1246,0x1378000,0x137bfff,6.3437,0.0215,0.0171,314,261,53,0,6,6,13,60,0,163,62,zone_compressee_possible,30
1247,0x137c000,0x137ffff,7.6953,0.0073,0.0068,118,61,45,12,5,5,180,3884,0,149,70,zone_compressee_possible,30
1248,0x1380000,0x1383fff,7.5906,0.0068,0.0073,173,109,58,6,9,9,96,3902,0,124,84,zone_compressee_possible,30
1249,0x1384000,0x1387fff,7.6924,0.0068,0.0046,125,85,37,3,11,11,92,5245,0,148,107,zone_compressee_possible,30
1250,0x1388000,0x138bfff,6.1113,0.1326,0.1342,113,78,33,2,4,4,37,1543,0,133,86,zone_compressee_possible,30
1251,0x138c000,0x138ffff,7.1003,0.0353,0.0338,103,68,33,2,7,7,77,2584,0,127,101,zone_compressee_possible,30
1252,0x1390000,0x1393fff,7.0149,0.0202,0.0214,198,155,37,6,8,8,119,2071,0,133,64,zone_compressee_possible,30
1253,0x1394000,0x1397fff,6.6920,0.0566,0.0614,44,25,13,6,8,8,120,2123,0,120,46,zone_indeterminee,10
1254,0x1398000,0x139bfff,7.4648,0.0109,0.0103,82,43,22,17,5,5,170,2028,0,104,32,zone_indeterminee,10
1255,0x139c000,0x139ffff,5.8835,0.3347,0.0250,230,53,76,101,5,5,172,1501,0,168,95,zone_compressee_possible,30
1256,0x13a0000,0x13a3fff,2.8974,0.7079,0.0060,222,24,29,169,8,8,7,32,0,131,97,zone_compressee_possible,30
1257,0x13a4000,0x13a7fff,6.0210,0.2711,0.0153,145,89,41,15,5,5,103,787,0,176,34,zone_compressee_possible,30
1258,0x13a8000,0x13abfff,7.1779,0.0147,0.0126,161,93,53,15,2,2,241,2715,0,128,60,zone_compressee_possible,30
1259,0x13ac000,0x13affff,7.3029,0.0095,0.0081,167,83,60,24,6,6,340,2256,0,143,79,zone_compressee_possible,30
1260,0x13b0000,0x13b3fff,7.4968,0.0107,0.0092,115,62,42,11,9,10,214,2287,0,132,73,zone_compressee_possible,30
1261,0x13b4000,0x13b7fff,6.7068,0.0397,0.0336,70,47,6,17,16,17,206,1801,0,136,73,zone_texte_possible,25
1262,0x13b8000,0x13bbfff,6.5108,0.0592,0.0518,86,44,31,11,9,9,225,1190,0,142,53,zone_texte_possible,25
1263,0x13bc000,0x13bffff,6.9962,0.0182,0.0135,95,56,31,8,6,6,37,235,0,134,58,zone_indeterminee,10
1264,0x13c0000,0x13c3fff,7.6717,0.0095,0.0066,95,40,36,19,15,16,337,4261,0,129,56,zone_texte_possible,25
1265,0x13c4000,0x13c7fff,7.0288,0.0707,0.0774,119,60,42,17,15,16,180,2801,0,118,51,zone_compressee_possible,30
1266,0x13c8000,0x13cbfff,7.4517,0.0112,0.0096,120,60,41,19,3,3,376,3414,0,127,53,table_texte_probable,51
1267,0x13cc000,0x13cffff,7.6642,0.0092,0.0093,71,38,21,12,4,4,402,4175,0,117,63,table_texte_probable,53
1268,0x13d0000,0x13d3fff,7.2690,0.0250,0.0224,116,77,28,11,8,11,172,2575,0,114,45,zone_compressee_possible,30
1269,0x13d4000,0x13d7fff,6.2079,0.0588,0.0577,90,67,19,4,11,14,90,574,0,121,29,zone_indeterminee,10
1270,0x13d8000,0x13dbfff,5.7125,0.1404,0.1782,102,71,26,5,9,15,43,790,0,124,31,zone_compressee_possible,30
1271,0x13dc000,0x13dffff,6.8423,0.0240,0.0492,152,78,49,25,6,11,0,0,0,118,30,zone_compressee_possible,30
1272,0x13e0000,0x13e3fff,6.7278,0.0204,0.0206,106,67,24,15,11,14,0,0,0,121,48,zone_compressee_possible,30
1273,0x13e4000,0x13e7fff,6.1397,0.1210,0.0945,103,61,28,14,9,12,14,130,0,129,54,zone_compressee_possible,30
1274,0x13e8000,0x13ebfff,5.3713,0.1285,0.1445,87,67,18,2,9,28,34,267,0,129,51,zone_indeterminee,10
1275,0x13ec000,0x13effff,6.5940,0.0862,0.1097,111,78,26,7,10,15,72,2071,0,121,47,zone_compressee_possible,30
1276,0x13f0000,0x13f3fff,6.6047,0.0597,0.0553,91,71,18,2,16,34,48,1577,0,142,59,zone_indeterminee,10
1277,0x13f4000,0x13f7fff,5.6770,0.1118,0.1219,65,38,25,2,10,15,51,486,0,133,50,zone_indeterminee,10
1278,0x13f8000,0x13fbfff,7.0759,0.0150,0.0144,202,143,34,25,6,6,217,1818,0,154,40,zone_compressee_possible,30
1279,0x13fc000,0x13fffff,7.4928,0.0107,0.0082,101,40,33,28,8,8,533,3459,0,147,51,table_texte_probable,59
1280,0x1400000,0x1403fff,7.1895,0.0190,0.0192,175,87,62,26,15,17,199,2316,0,141,70,zone_compressee_possible,30
1281,0x1404000,0x1407fff,7.5092,0.0140,0.0119,175,78,82,15,16,16,222,3652,0,152,29,zone_compressee_possible,30
1282,0x1408000,0x140bfff,6.6390,0.0293,0.0240,241,189,42,10,11,11,148,1234,0,103,37,zone_compressee_possible,30
1283,0x140c000,0x140ffff,6.9211,0.0168,0.0151,146,87,40,19,7,7,248,1421,0,139,37,zone_compressee_possible,30
1284,0x1410000,0x1413fff,7.5251,0.0126,0.0104,138,77,47,14,14,19,268,2989,0,122,38,zone_compressee_possible,30
1285,0x1414000,0x1417fff,7.5098,0.0117,0.0120,124,66,39,19,11,11,211,3783,0,139,34,zone_compressee_possible,30
1286,0x1418000,0x141bfff,7.5538,0.0073,0.0071,100,27,38,35,10,10,488,5357,0,137,32,table_texte_probable,57
1287,0x141c000,0x141ffff,7.0574,0.0142,0.0133,100,63,13,24,5,5,298,1949,0,123,64,zone_compressee_possible,30
1288,0x1420000,0x1423fff,7.0757,0.0131,0.0111,168,96,60,12,14,15,143,1836,0,149,78,zone_compressee_possible,30
1289,0x1424000,0x1427fff,7.5893,0.0120,0.0090,143,81,53,9,14,16,140,3778,0,156,52,zone_compressee_possible,30
1290,0x1428000,0x142bfff,7.4869,0.0114,0.0123,229,167,60,2,6,7,97,4569,0,133,45,zone_compressee_possible,30
1291,0x142c000,0x142ffff,7.2916,0.0106,0.0106,218,105,109,4,6,6,154,3177,0,124,40,zone_compressee_possible,30
1292,0x1430000,0x1433fff,7.7207,0.0109,0.0102,141,69,61,11,27,48,217,4638,0,159,41,zone_compressee_possible,30
1293,0x1434000,0x1437fff,7.6260,0.0097,0.0071,118,63,36,19,12,14,192,4392,0,131,33,zone_compressee_possible,30
1294,0x1438000,0x143bfff,7.5581,0.0101,0.0085,110,47,38,25,4,4,308,3174,0,142,39,zone_compressee_possible,30
1295,0x143c000,0x143ffff,7.6528,0.0092,0.0071,72,28,26,18,15,18,588,3233,0,134,48,table_texte_probable,62
1296,0x1440000,0x1443fff,7.4390,0.0129,0.0089,103,40,40,23,27,34,399,3716,0,141,46,table_texte_probable,52
1297,0x1444000,0x1447fff,7.3801,0.0145,0.0126,139,63,41,35,27,29,345,3004,0,115,51,table_texte_probable,50
1298,0x1448000,0x144bfff,7.5324,0.0128,0.0100,136,71,50,15,8,9,268,3872,0,132,52,zone_compressee_possible,30
1299,0x144c000,0x144ffff,7.5320,0.0120,0.0124,103,42,38,23,10,10,307,3999,0,120,47,zone_compressee_possible,30
1300,0x1450000,0x1453fff,7.2417,0.0111,0.0108,157,77,56,24,9,12,329,3355,0,124,55,zone_compressee_possible,30
1301,0x1454000,0x1457fff,7.7066,0.0110,0.0069,129,61,45,23,13,13,287,4434,0,158,44,zone_compressee_possible,30
1302,0x1458000,0x145bfff,7.7351,0.0091,0.0083,107,55,34,18,9,9,523,4006,0,134,77,table_texte_probable,59
1303,0x145c000,0x145ffff,7.3533,0.0165,0.0135,109,47,29,33,11,11,386,2441,0,144,74,table_texte_probable,52
1304,0x1460000,0x1463fff,7.2537,0.0154,0.0139,109,85,17,7,10,13,284,1637,0,175,39,zone_compressee_possible,30
1305,0x1464000,0x1467fff,7.1018,0.0168,0.0160,124,101,20,3,18,19,257,2602,0,148,57,zone_compressee_possible,30
1306,0x1468000,0x146bfff,7.6783,0.0066,0.0051,70,29,22,19,7,10,305,4969,0,157,37,zone_texte_possible,25
1307,0x146c000,0x146ffff,7.7063,0.0077,0.0056,51,11,16,24,4,4,459,5132,0,178,43,table_texte_probable,55
1308,0x1470000,0x1473fff,7.3650,0.0129,0.0111,125,64,42,19,12,12,369,2521,0,139,45,table_texte_probable,51
1309,0x1474000,0x1477fff,7.4623,0.0130,0.0117,115,56,41,18,13,13,145,2569,0,183,37,zone_compressee_possible,30
1310,0x1478000,0x147bfff,6.5783,0.0684,0.0783,76,46,21,9,10,15,222,1276,0,135,42,zone_texte_possible,25
1311,0x147c000,0x147ffff,6.7519,0.0299,0.0416,128,66,52,10,7,7,110,462,0,135,46,zone_compressee_possible,30
1312,0x1480000,0x1483fff,7.7568,0.0129,0.0083,72,31,30,11,16,16,741,3985,0,138,74,table_texte_probable,69
1313,0x1484000,0x1487fff,7.6552,0.0085,0.0068,102,26,46,30,5,5,562,4223,0,132,63,table_texte_probable,61
1314,0x1488000,0x148bfff,7.6604,0.0151,0.0115,74,41,23,10,6,8,622,3825,0,124,78,table_texte_probable,64
1315,0x148c000,0x148ffff,7.2387,0.0163,0.0154,97,57,23,17,4,5,299,2437,0,168,87,zone_texte_possible,25
1316,0x1490000,0x1493fff,6.3073,0.0571,0.0547,126,86,31,9,13,17,107,561,0,146,75,zone_compressee_possible,30
1317,0x1494000,0x1497fff,5.7493,0.0617,0.0544,77,60,12,5,5,5,42,327,0,177,58,zone_indeterminee,10
1318,0x1498000,0x149bfff,7.6344,0.0093,0.0070,140,65,59,16,8,11,364,4136,0,152,42,table_texte_probable,51
1319,0x149c000,0x149ffff,7.3225,0.0203,0.0190,141,67,38,36,6,6,397,3044,0,165,83,table_texte_probable,52
1320,0x14a0000,0x14a3fff,7.7152,0.0093,0.0073,88,26,44,18,5,5,457,4784,0,160,53,table_texte_probable,55
1321,0x14a4000,0x14a7fff,7.5075,0.0111,0.0107,82,34,31,17,6,6,568,3309,0,170,52,table_texte_probable,61
1322,0x14a8000,0x14abfff,7.0875,0.0277,0.0178,180,109,56,15,7,7,252,2659,0,143,46,zone_compressee_possible,30
1323,0x14ac000,0x14affff,7.0645,0.0329,0.0303,115,75,30,10,7,11,59,967,0,157,58,zone_compressee_possible,30
1324,0x14b0000,0x14b3fff,6.9718,0.0410,0.0408,194,135,50,9,9,13,209,1967,0,155,49,zone_compressee_possible,30
1325,0x14b4000,0x14b7fff,6.4088,0.0515,0.0477,112,81,22,9,3,3,118,700,0,175,62,zone_compressee_possible,30
1326,0x14b8000,0x14bbfff,6.6916,0.0273,0.0228,170,110,42,18,5,5,189,1180,0,184,36,zone_compressee_possible,30
1327,0x14bc000,0x14bffff,6.8067,0.0331,0.0338,112,81,24,7,5,6,172,1371,0,181,47,zone_compressee_possible,30
1328,0x14c0000,0x14c3fff,7.0184,0.0092,0.0077,57,43,9,5,42,72,0,0,0,170,66,zone_indeterminee,10
1329,0x14c4000,0x14c7fff,6.7400,0.0016,0.0001,7,0,2,5,31,32,0,0,0,132,35,zone_indeterminee,10
1330,0x14c8000,0x14cbfff,6.7355,0.0046,0.0001,11,3,0,8,81,121,0,0,0,137,33,zone_indeterminee,10
1331,0x14cc000,0x14cffff,6.3954,0.0031,0.0001,38,0,20,18,42,70,0,0,0,159,35,zone_indeterminee,10
1332,0x14d0000,0x14d3fff,6.8711,0.0083,0.0000,19,0,14,5,129,168,0,0,0,126,34,zone_indeterminee,10
1333,0x14d4000,0x14d7fff,6.4839,0.0048,0.0002,15,5,3,7,87,156,0,0,0,132,48,zone_indeterminee,10
1334,0x14d8000,0x14dbfff,6.5095,0.0033,0.0000,24,18,3,3,64,99,0,0,0,136,24,zone_indeterminee,10
1335,0x14dc000,0x14dffff,6.2312,0.0027,0.0006,46,14,27,5,89,166,0,0,0,148,31,zone_indeterminee,10
1336,0x14e0000,0x14e3fff,6.5245,0.0052,0.0004,19,1,5,13,96,120,0,0,0,152,30,zone_indeterminee,10
1337,0x14e4000,0x14e7fff,6.6242,0.0064,0.0000,56,10,21,25,85,88,0,0,0,183,27,zone_indeterminee,10
1338,0x14e8000,0x14ebfff,6.5984,0.0035,0.0000,16,2,9,5,93,109,0,0,0,163,39,zone_indeterminee,10
1339,0x14ec000,0x14effff,6.2550,0.0028,0.0001,6,4,2,0,64,67,0,0,0,158,47,zone_indeterminee,10
1340,0x14f0000,0x14f3fff,6.3709,0.0023,0.0002,2,0,2,0,81,106,0,0,0,140,55,zone_indeterminee,10
1341,0x14f4000,0x14f7fff,6.2329,0.0023,0.0001,9,0,3,6,58,63,0,0,0,164,58,zone_indeterminee,10
1342,0x14f8000,0x14fbfff,6.0857,0.0011,0.0000,4,0,2,2,41,53,0,0,0,169,56,zone_indeterminee,10
1343,0x14fc000,0x14fffff,6.2420,0.0012,0.0002,8,0,6,2,30,31,0,0,0,162,56,zone_indeterminee,10
1344,0x1500000,0x1503fff,6.5022,0.0042,0.0001,5,2,2,1,115,242,1,5,0,167,48,table_pointeurs_probable,45
1345,0x1504000,0x1507fff,6.2175,0.0034,0.0006,3,0,0,3,125,182,1,4,0,141,29,zone_indeterminee,10
1346,0x1508000,0x150bfff,5.9589,0.0014,0.0016,4,0,1,3,110,194,2,10,0,124,41,zone_indeterminee,10
1347,0x150c000,0x150ffff,5.9479,0.0020,0.0010,16,1,1,14,140,198,1,4,0,148,27,zone_indeterminee,10
1348,0x1510000,0x1513fff,6.3312,0.0034,0.0034,4,1,1,2,94,95,2,8,0,141,45,zone_indeterminee,10
1349,0x1514000,0x1517fff,6.4385,0.0088,0.0010,2,1,1,0,39,43,0,0,0,174,30,zone_indeterminee,10
1350,0x1518000,0x151bfff,6.4806,0.0024,0.0002,9,3,5,1,62,84,1,4,0,126,32,zone_indeterminee,10
1351,0x151c000,0x151ffff,6.4599,0.0019,0.0013,8,3,1,4,49,49,0,0,0,159,45,zone_indeterminee,10
1352,0x1520000,0x1523fff,6.5374,0.0053,0.0063,6,3,2,1,62,85,0,0,0,150,55,zone_indeterminee,10
1353,0x1524000,0x1527fff,6.4923,0.0053,0.0010,5,0,3,2,81,94,0,0,0,181,40,zone_indeterminee,10
1354,0x1528000,0x152bfff,6.1550,0.0079,0.0035,4,0,0,4,39,43,0,0,0,145,33,zone_indeterminee,10
1355,0x152c000,0x152ffff,6.5060,0.0106,0.0001,5,0,3,2,86,132,1,4,0,141,37,zone_indeterminee,10
1356,0x1530000,0x1533fff,6.8184,0.0032,0.0026,5,0,1,4,54,70,0,0,0,167,48,zone_indeterminee,10
1357,0x1534000,0x1537fff,6.4704,0.0156,0.0027,10,1,2,7,72,105,0,0,0,149,35,zone_indeterminee,10
1358,0x1538000,0x153bfff,6.2108,0.0056,0.0028,20,2,0,18,34,40,0,0,0,178,45,zone_indeterminee,10
1359,0x153c000,0x153ffff,6.4899,0.0026,0.0015,24,19,3,2,50,80,0,0,0,149,52,zone_indeterminee,10
1360,0x1540000,0x1543fff,6.3962,0.0040,0.0008,9,3,1,5,66,90,0,0,0,129,48,zone_indeterminee,10
1361,0x1544000,0x1547fff,6.2463,0.0118,0.0018,4,3,1,0,60,78,0,0,0,168,35,zone_indeterminee,10
1362,0x1548000,0x154bfff,6.4395,0.0055,0.0025,8,4,2,2,66,80,1,4,0,169,38,zone_indeterminee,10
1363,0x154c000,0x154ffff,6.3159,0.0124,0.0029,4,1,1,2,56,69,5,24,0,144,36,zone_indeterminee,10
1364,0x1550000,0x1553fff,6.2824,0.0093,0.0039,10,9,1,0,64,74,3,14,0,168,44,zone_indeterminee,10
1365,0x1554000,0x1557fff,6.4548,0.0186,0.0018,31,30,1,0,68,101,0,0,0,160,35,zone_indeterminee,10
1366,0x1558000,0x155bfff,6.5373,0.0109,0.0033,1,0,1,0,59,69,0,0,0,152,46,zone_indeterminee,10
1367,0x155c000,0x155ffff,6.2325,0.0034,0.0026,22,19,2,1,86,130,0,0,0,133,40,zone_indeterminee,10
1368,0x1560000,0x1563fff,6.6323,0.0039,0.0026,23,22,1,0,54,64,0,0,0,155,29,zone_indeterminee,10
1369,0x1564000,0x1567fff,6.3735,0.0021,0.0008,3,0,3,0,71,99,1,4,0,161,30,zone_indeterminee,10
1370,0x1568000,0x156bfff,6.4806,0.0034,0.0023,38,21,14,3,65,71,1,5,0,162,36,zone_indeterminee,10
1371,0x156c000,0x156ffff,6.4972,0.0045,0.0051,49,8,29,12,70,84,1,4,0,138,38,zone_indeterminee,10
1372,0x1570000,0x1573fff,6.0683,0.0018,0.0013,3,0,3,0,36,36,0,0,0,179,31,zone_indeterminee,10
1373,0x1574000,0x1577fff,6.1839,0.0030,0.0012,0,0,0,0,66,69,0,0,0,160,29,zone_indeterminee,10
1374,0x1578000,0x157bfff,5.6547,0.0007,0.0008,4,0,3,1,45,55,2,9,0,170,42,zone_indeterminee,10
1375,0x157c000,0x157ffff,6.5977,0.0045,0.0010,5,4,0,1,48,51,0,0,0,167,49,zone_indeterminee,10
1376,0x1580000,0x1583fff,6.3445,0.0055,0.0015,123,20,80,23,55,62,2,8,0,164,45,zone_compressee_possible,30
1377,0x1584000,0x1587fff,6.4312,0.0057,0.0016,12,3,3,6,66,67,0,0,0,152,44,zone_indeterminee,10
1378,0x1588000,0x158bfff,6.5107,0.0029,0.0015,0,0,0,0,46,48,0,0,0,183,48,zone_indeterminee,10
1379,0x158c000,0x158ffff,6.5302,0.0043,0.0034,8,1,5,2,78,98,0,0,0,147,38,zone_indeterminee,10
1380,0x1590000,0x1593fff,6.1809,0.0032,0.0010,17,6,5,6,67,85,1,4,0,150,38,zone_indeterminee,10
1381,0x1594000,0x1597fff,6.5144,0.0045,0.0011,12,8,4,0,109,116,0,0,0,198,60,zone_indeterminee,10
1382,0x1598000,0x159bfff,6.6562,0.0053,0.0013,5,1,2,2,87,102,0,0,0,168,43,zone_indeterminee,10
1383,0x159c000,0x159ffff,6.1959,0.0070,0.0002,8,7,0,1,66,75,0,0,0,159,47,zone_indeterminee,10
1384,0x15a0000,0x15a3fff,6.5992,0.0041,0.0023,4,2,0,2,82,85,0,0,0,149,35,zone_indeterminee,10
1385,0x15a4000,0x15a7fff,6.6033,0.0056,0.0007,13,2,11,0,61,64,0,0,0,173,40,zone_indeterminee,10
1386,0x15a8000,0x15abfff,6.5574,0.0035,0.0066,8,2,6,0,68,74,5,20,0,162,32,zone_indeterminee,10
1387,0x15ac000,0x15affff,6.3715,0.0054,0.0013,13,0,4,9,72,84,0,0,0,141,44,zone_indeterminee,10
1388,0x15b0000,0x15b3fff,6.5546,0.0052,0.0018,12,5,1,6,90,101,8,32,0,170,34,zone_indeterminee,10
1389,0x15b4000,0x15b7fff,6.6294,0.0039,0.0007,12,1,7,4,70,79,4,20,0,167,42,zone_indeterminee,10
1390,0x15b8000,0x15bbfff,6.7555,0.0060,0.0032,27,3,15,9,87,95,0,0,0,170,45,zone_indeterminee,10
1391,0x15bc000,0x15bffff,6.5417,0.0059,0.0039,8,2,3,3,110,119,0,0,0,183,44,zone_indeterminee,10
1392,0x15c0000,0x15c3fff,6.5974,0.0059,0.0030,3,1,2,0,110,173,0,0,0,159,25,zone_indeterminee,10
1393,0x15c4000,0x15c7fff,6.5888,0.0068,0.0048,5,0,3,2,89,127,10,40,0,145,36,zone_indeterminee,10
1394,0x15c8000,0x15cbfff,6.5913,0.0032,0.0016,8,4,2,2,42,46,1,4,0,157,24,zone_indeterminee,10
1395,0x15cc000,0x15cffff,6.1690,0.0036,0.0014,2,0,1,1,18,19,0,0,0,174,25,zone_indeterminee,10
1396,0x15d0000,0x15d3fff,6.4924,0.0074,0.0012,16,4,0,12,81,85,0,0,0,163,24,zone_indeterminee,10
1397,0x15d4000,0x15d7fff,6.3893,0.0045,0.0012,6,2,1,3,44,48,0,0,0,244,34,zone_indeterminee,10
1398,0x15d8000,0x15dbfff,6.4561,0.0068,0.0017,32,2,16,14,35,46,0,0,0,162,31,zone_indeterminee,10
1399,0x15dc000,0x15dffff,6.4485,0.0035,0.0062,13,1,11,1,26,30,3,12,0,166,20,zone_indeterminee,10
1400,0x15e0000,0x15e3fff,6.6486,0.0042,0.0001,23,0,12,11,60,69,1,5,0,163,25,zone_indeterminee,10
1401,0x15e4000,0x15e7fff,6.4500,0.0032,0.0007,33,9,22,2,71,72,1,4,0,128,31,zone_indeterminee,10
1402,0x15e8000,0x15ebfff,6.5660,0.0034,0.0008,8,1,2,5,69,73,0,0,0,174,32,zone_indeterminee,10
1403,0x15ec000,0x15effff,6.5987,0.0061,0.0021,11,2,1,8,131,159,0,0,0,155,34,zone_indeterminee,10
1404,0x15f0000,0x15f3fff,6.6536,0.0053,0.0013,28,27,0,1,80,83,0,0,0,149,44,zone_indeterminee,10
1405,0x15f4000,0x15f7fff,6.4519,0.0045,0.0021,11,3,3,5,130,197,6,25,0,172,63,zone_indeterminee,10
1406,0x15f8000,0x15fbfff,6.5706,0.0036,0.0595,7,1,2,4,37,48,1,4,0,162,52,zone_indeterminee,10
1407,0x15fc000,0x15fffff,-0.0000,0.0000,1.0000,0,0,0,0,3,3,0,0,0,148,42,padding_probable,85
1408,0x1600000,0x1603fff,-0.0000,0.0000,1.0000,0,0,0,0,23,115,0,0,0,136,33,padding_probable,85
1409,0x1604000,0x1607fff,-0.0000,0.0000,1.0000,0,0,0,0,7,7,0,0,0,145,35,padding_probable,85
1410,0x1608000,0x160bfff,-0.0000,0.0000,1.0000,0,0,0,0,10,12,0,0,0,144,17,padding_probable,85
1411,0x160c000,0x160ffff,-0.0000,0.0000,1.0000,0,0,0,0,8,8,0,0,0,156,25,padding_probable,85
1412,0x1610000,0x1613fff,-0.0000,0.0000,1.0000,0,0,0,0,5,10,0,0,0,159,22,padding_probable,85
1413,0x1614000,0x1617fff,-0.0000,0.0000,1.0000,0,0,0,0,6,10,0,0,0,225,34,padding_probable,85
1414,0x1618000,0x161bfff,-0.0000,0.0000,1.0000,0,0,0,0,9,23,0,0,0,174,43,padding_probable,85
1415,0x161c000,0x161ffff,-0.0000,0.0000,1.0000,0,0,0,0,5,5,0,0,0,159,23,padding_probable,85
1416,0x1620000,0x1623fff,-0.0000,0.0000,1.0000,0,0,0,0,10,12,0,0,0,159,29,padding_probable,85
1417,0x1624000,0x1627fff,-0.0000,0.0000,1.0000,0,0,0,0,6,6,0,0,0,151,51,padding_probable,85
1418,0x1628000,0x162bfff,-0.0000,0.0000,1.0000,0,0,0,0,1,1,0,0,0,133,21,padding_probable,85
1419,0x162c000,0x162ffff,-0.0000,0.0000,1.0000,0,0,0,0,4,4,0,0,0,140,40,padding_probable,85
1420,0x1630000,0x1633fff,-0.0000,0.0000,1.0000,0,0,0,0,12,14,0,0,0,136,30,padding_probable,85
1421,0x1634000,0x1637fff,-0.0000,0.0000,1.0000,0,0,0,0,3,3,0,0,0,193,26,padding_probable,85
1422,0x1638000,0x163bfff,-0.0000,0.0000,1.0000,0,0,0,0,2,2,0,0,0,164,38,padding_probable,85
1423,0x163c000,0x163ffff,-0.0000,0.0000,1.0000,0,0,0,0,0,0,0,0,0,137,28,padding_probable,85
1424,0x1640000,0x1643fff,-0.0000,0.0000,1.0000,0,0,0,0,9,9,0,0,0,127,24,padding_probable,85
1425,0x1644000,0x1647fff,-0.0000,0.0000,1.0000,0,0,0,0,6,8,0,0,0,129,27,padding_probable,85
1426,0x1648000,0x164bfff,-0.0000,0.0000,1.0000,0,0,0,0,29,29,0,0,0,149,31,padding_probable,85
1427,0x164c000,0x164ffff,-0.0000,0.0000,1.0000,0,0,0,0,8,8,0,0,0,137,40,padding_probable,85
1428,0x1650000,0x1653fff,6.2321,0.1840,0.0059,237,112,112,13,41,43,91,372,0,142,75,zone_compressee_possible,30
1429,0x1654000,0x1657fff,4.6158,0.3970,0.0012,541,259,240,42,8,13,16,70,0,166,43,zone_compressee_possible,30
1430,0x1658000,0x165bfff,3.8920,0.4910,0.0011,560,279,244,37,17,18,4,18,0,155,35,zone_compressee_possible,30
1431,0x165c000,0x165ffff,4.7321,0.1426,0.0107,1,1,0,0,180,180,9,47,0,133,27,zone_indeterminee,10
1432,0x1660000,0x1663fff,4.4825,0.1430,0.0107,0,0,0,0,192,199,0,0,0,155,30,zone_indeterminee,10
1433,0x1664000,0x1667fff,4.4797,0.1473,0.0098,0,0,0,0,185,199,0,0,0,130,42,zone_indeterminee,10
1434,0x1668000,0x166bfff,4.6416,0.0959,0.1346,0,0,0,0,126,173,0,0,0,179,45,zone_indeterminee,10
1435,0x166c000,0x166ffff,6.1158,0.0527,0.1636,205,125,54,26,22,22,93,456,0,175,27,zone_compressee_possible,30
1436,0x1670000,0x1673fff,6.5353,0.1186,0.0143,318,200,77,41,45,48,215,1126,0,158,48,zone_compressee_possible,30
1437,0x1674000,0x1677fff,6.5192,0.1052,0.0082,393,233,80,80,45,45,228,1189,0,164,53,zone_compressee_possible,30
1438,0x1678000,0x167bfff,6.4833,0.1125,0.0103,398,249,89,60,53,55,250,1311,0,199,53,zone_compressee_possible,30
1439,0x167c000,0x167ffff,6.5066,0.1130,0.0098,342,202,90,50,45,45,193,962,0,164,60,zone_compressee_possible,30
1440,0x1680000,0x1683fff,6.5604,0.1165,0.0073,381,227,85,69,44,48,257,1284,0,165,64,zone_compressee_possible,30
1441,0x1684000,0x1687fff,6.6486,0.1180,0.0068,388,225,102,61,40,41,209,1069,0,157,52,zone_compressee_possible,30
1442,0x1688000,0x168bfff,6.5739,0.1075,0.0095,386,227,95,64,40,45,219,1138,0,161,72,zone_compressee_possible,30
1443,0x168c000,0x168ffff,6.4894,0.1026,0.0075,340,247,63,30,40,42,392,2002,0,171,56,table_texte_probable,52
1444,0x1690000,0x1693fff,6.4158,0.1059,0.0085,336,228,80,28,47,47,316,1583,0,179,32,zone_compressee_possible,30
1445,0x1694000,0x1697fff,6.6780,0.1145,0.0056,400,245,98,57,36,36,213,1081,0,240,92,zone_compressee_possible,30
1446,0x1698000,0x169bfff,6.6152,0.1130,0.0075,372,220,81,71,38,40,174,868,0,249,71,zone_compressee_possible,30
1447,0x169c000,0x169ffff,6.3717,0.1071,0.0068,421,256,106,59,46,47,276,1441,0,224,64,zone_compressee_possible,30
1448,0x16a0000,0x16a3fff,6.3824,0.1098,0.0073,386,234,95,57,46,51,234,1240,0,199,71,zone_compressee_possible,30
1449,0x16a4000,0x16a7fff,6.4586,0.1079,0.0072,441,260,113,68,44,44,243,1232,0,185,75,zone_compressee_possible,30
1450,0x16a8000,0x16abfff,6.5281,0.1131,0.0066,376,226,106,44,38,38,231,1174,0,190,71,zone_compressee_possible,30
1451,0x16ac000,0x16affff,6.4291,0.1124,0.0084,366,232,84,50,38,38,249,1239,0,173,54,zone_compressee_possible,30
1452,0x16b0000,0x16b3fff,6.6185,0.1110,0.0054,395,216,109,70,36,36,247,1312,0,182,47,zone_compressee_possible,30
1453,0x16b4000,0x16b7fff,6.5208,0.1160,0.0093,369,220,90,59,45,46,206,1054,0,196,56,zone_compressee_possible,30
1454,0x16b8000,0x16bbfff,6.7129,0.1179,0.0149,274,162,71,41,35,35,164,798,0,169,47,zone_compressee_possible,30
1455,0x16bc000,0x16bffff,6.6387,0.1173,0.0101,327,182,89,56,38,38,202,1034,0,182,45,zone_compressee_possible,30
1456,0x16c0000,0x16c3fff,6.5004,0.1126,0.0067,364,210,81,73,40,40,212,1087,0,167,50,zone_compressee_possible,30
1457,0x16c4000,0x16c7fff,6.3831,0.1099,0.0104,434,257,102,75,46,46,213,1120,0,163,55,zone_compressee_possible,30
1458,0x16c8000,0x16cbfff,6.4940,0.1061,0.0089,435,226,118,91,43,43,169,822,0,168,57,zone_compressee_possible,30
1459,0x16cc000,0x16cffff,6.4337,0.0989,0.0114,413,225,108,80,43,70,231,1132,0,204,37,zone_compressee_possible,30
1460,0x16d0000,0x16d3fff,6.4428,0.1127,0.0114,357,213,85,59,46,47,200,1026,0,201,39,zone_compressee_possible,30
1461,0x16d4000,0x16d7fff,6.5031,0.1127,0.0115,375,219,96,60,41,85,229,1138,0,190,41,zone_compressee_possible,30
1462,0x16d8000,0x16dbfff,6.5136,0.1144,0.0062,378,221,91,66,42,42,221,1152,0,211,58,zone_compressee_possible,30
1463,0x16dc000,0x16dffff,6.4372,0.1176,0.0085,402,221,102,79,44,44,206,1074,0,184,53,zone_compressee_possible,30
1464,0x16e0000,0x16e3fff,6.4692,0.1126,0.0071,419,262,99,58,43,43,180,904,0,210,59,zone_compressee_possible,30
1465,0x16e4000,0x16e7fff,6.4865,0.1097,0.0068,386,230,98,58,43,45,196,983,0,193,52,zone_compressee_possible,30
1466,0x16e8000,0x16ebfff,6.5387,0.1133,0.0083,362,189,97,76,40,40,201,1007,0,223,47,zone_compressee_possible,30
1467,0x16ec000,0x16effff,6.5240,0.1099,0.0056,368,194,110,64,39,39,246,1260,0,226,57,zone_compressee_possible,30
1468,0x16f0000,0x16f3fff,5.9954,0.0993,0.0144,348,188,84,76,33,33,76,369,0,240,78,zone_compressee_possible,30
1469,0x16f4000,0x16f7fff,6.4730,0.1138,0.0084,401,209,109,83,39,39,167,849,0,196,79,zone_compressee_possible,30
1470,0x16f8000,0x16fbfff,6.5385,0.1183,0.0049,388,226,91,71,42,42,233,1212,0,215,66,zone_compressee_possible,30
1471,0x16fc000,0x16fffff,6.5558,0.1080,0.0079,349,205,94,50,40,42,280,1492,0,200,54,zone_compressee_possible,30
1472,0x1700000,0x1703fff,6.5245,0.1035,0.0070,391,209,104,78,50,54,255,1378,0,196,63,zone_compressee_possible,30
1473,0x1704000,0x1707fff,6.6350,0.1080,0.0128,353,196,81,76,40,40,192,967,0,195,78,zone_compressee_possible,30
1474,0x1708000,0x170bfff,6.5431,0.1143,0.0095,357,209,84,64,41,41,202,992,0,233,60,zone_compressee_possible,30
1475,0x170c000,0x170ffff,6.4124,0.1131,0.0096,450,280,98,72,44,44,171,887,0,228,54,zone_compressee_possible,30
1476,0x1710000,0x1713fff,6.4247,0.1101,0.0082,420,228,120,72,45,45,221,1169,0,231,61,zone_compressee_possible,30
1477,0x1714000,0x1717fff,6.3622,0.1140,0.0064,398,249,100,49,46,47,248,1302,0,210,77,zone_compressee_possible,30
1478,0x1718000,0x171bfff,6.4330,0.1100,0.0087,421,233,98,90,43,44,250,1298,0,188,73,zone_compressee_possible,30
1479,0x171c000,0x171ffff,6.3701,0.1119,0.0070,391,209,124,58,42,42,261,1331,0,207,66,zone_compressee_possible,30
1480,0x1720000,0x1723fff,6.4638,0.1070,0.0075,346,211,82,53,46,46,263,1358,0,204,68,zone_compressee_possible,30
1481,0x1724000,0x1727fff,6.5269,0.1144,0.0068,389,222,88,79,42,42,250,1313,0,216,80,zone_compressee_possible,30
1482,0x1728000,0x172bfff,6.5603,0.1125,0.0051,383,214,111,58,37,37,263,1316,0,208,44,zone_compressee_possible,30
1483,0x172c000,0x172ffff,6.4690,0.1110,0.0057,313,202,72,39,38,38,224,1091,0,198,73,zone_compressee_possible,30
1484,0x1730000,0x1733fff,6.4139,0.1203,0.0079,420,233,135,52,43,43,196,970,0,195,68,zone_compressee_possible,30
1485,0x1734000,0x1737fff,6.5644,0.1156,0.0066,453,264,118,71,37,37,209,1033,0,188,46,zone_compressee_possible,30
1486,0x1738000,0x173bfff,6.5088,0.1116,0.0054,392,228,96,68,46,46,226,1172,0,189,58,zone_compressee_possible,30
1487,0x173c000,0x173ffff,6.5676,0.1144,0.0094,389,241,86,62,42,42,211,1077,0,176,42,zone_compressee_possible,30
1488,0x1740000,0x1743fff,6.5452,0.1129,0.0064,395,235,98,62,43,43,230,1195,0,181,58,zone_compressee_possible,30
1489,0x1744000,0x1747fff,6.5327,0.1145,0.0073,386,217,96,73,51,53,263,1337,0,160,54,zone_compressee_possible,30
1490,0x1748000,0x174bfff,6.5036,0.1046,0.0065,390,234,87,69,42,42,198,1032,0,174,55,zone_compressee_possible,30
1491,0x174c000,0x174ffff,6.7564,0.1105,0.0082,357,203,106,48,31,31,252,1284,0,179,38,zone_compressee_possible,30
1492,0x1750000,0x1753fff,6.6994,0.1109,0.0084,369,204,109,56,38,38,204,1050,0,179,42,zone_compressee_possible,30
1493,0x1754000,0x1757fff,6.7336,0.1105,0.0078,347,206,73,68,35,35,249,1293,0,179,51,zone_compressee_possible,30
1494,0x1758000,0x175bfff,6.6673,0.0956,0.0068,410,212,106,92,36,36,172,855,0,212,28,zone_compressee_possible,30
1495,0x175c000,0x175ffff,6.5655,0.1005,0.0060,458,239,132,87,41,41,184,925,0,184,33,zone_compressee_possible,30
1496,0x1760000,0x1763fff,6.5427,0.1080,0.0118,335,203,75,57,43,46,175,870,0,204,44,zone_compressee_possible,30
1497,0x1764000,0x1767fff,6.5121,0.1103,0.0090,361,221,73,67,47,51,240,1256,0,212,61,zone_compressee_possible,30
1498,0x1768000,0x176bfff,6.6851,0.1090,0.0057,442,237,120,85,42,42,219,1128,0,206,43,zone_compressee_possible,30
1499,0x176c000,0x176ffff,6.6721,0.1071,0.0058,406,225,101,80,35,38,254,1321,0,201,30,zone_compressee_possible,30
1500,0x1770000,0x1773fff,6.6482,0.1293,0.0104,291,165,75,51,43,49,194,1069,0,198,25,zone_compressee_possible,30
1501,0x1774000,0x1777fff,6.5234,0.1198,0.0086,310,174,82,54,66,140,248,1333,0,213,73,zone_compressee_possible,30
1502,0x1778000,0x177bfff,6.4466,0.1141,0.0055,360,211,93,56,67,70,342,1846,0,197,62,table_texte_probable,50
1503,0x177c000,0x177ffff,6.3844,0.1163,0.0064,334,196,83,55,43,43,315,1707,0,218,81,zone_compressee_possible,30
1504,0x1780000,0x1783fff,6.5633,0.1150,0.0077,324,188,83,53,39,39,323,1754,0,200,68,zone_compressee_possible,30
1505,0x1784000,0x1787fff,6.4991,0.1237,0.0084,311,158,100,53,40,40,315,1679,0,180,62,zone_compressee_possible,30
1506,0x1788000,0x178bfff,6.5584,0.1163,0.0051,368,217,89,62,36,40,316,1671,0,207,66,zone_compressee_possible,30
1507,0x178c000,0x178ffff,6.8452,0.1146,0.0061,346,192,96,58,28,28,272,1442,0,189,44,zone_compressee_possible,30
1508,0x1790000,0x1793fff,6.4449,0.1146,0.0077,353,204,91,58,42,44,320,1709,0,202,53,zone_compressee_possible,30
1509,0x1794000,0x1797fff,6.6822,0.1168,0.0071,344,209,73,62,34,36,295,1547,0,212,60,zone_compressee_possible,30
1510,0x1798000,0x179bfff,6.2924,0.1231,0.0022,278,133,57,88,44,60,396,2144,0,220,62,table_texte_probable,52
1511,0x179c000,0x179ffff,6.4751,0.1151,0.0078,305,193,61,51,45,45,342,1860,0,214,58,table_texte_probable,50
1512,0x17a0000,0x17a3fff,6.6060,0.1182,0.0078,300,192,64,44,43,46,216,1145,0,228,40,zone_compressee_possible,30
1513,0x17a4000,0x17a7fff,6.5458,0.1213,0.0073,347,193,78,76,41,43,227,1206,0,206,69,zone_compressee_possible,30
1514,0x17a8000,0x17abfff,6.4029,0.1169,0.0068,395,206,118,71,41,44,274,1417,0,215,72,zone_compressee_possible,30
1515,0x17ac000,0x17affff,6.4336,0.1125,0.0069,322,188,89,45,40,43,306,1627,0,249,72,zone_compressee_possible,30
1516,0x17b0000,0x17b3fff,6.5966,0.1110,0.0066,361,212,100,49,38,40,290,1508,0,202,76,zone_compressee_possible,30
1517,0x17b4000,0x17b7fff,6.5448,0.1130,0.0076,373,220,99,54,37,37,224,1224,0,231,54,zone_compressee_possible,30
1518,0x17b8000,0x17bbfff,6.6038,0.1191,0.0040,383,224,101,58,32,32,292,1536,0,205,40,zone_compressee_possible,30
1519,0x17bc000,0x17bffff,6.5339,0.1115,0.0079,336,195,109,32,33,33,375,2067,0,215,45,table_texte_probable,51
1520,0x17c0000,0x17c3fff,6.6629,0.1235,0.0068,375,218,104,53,34,34,239,1220,0,230,33,zone_compressee_possible,30
1521,0x17c4000,0x17c7fff,6.5701,0.1180,0.0058,301,187,69,45,37,37,260,1393,0,201,35,zone_compressee_possible,30
1522,0x17c8000,0x17cbfff,6.7745,0.1221,0.0166,242,139,67,36,33,33,152,742,0,210,49,zone_compressee_possible,30
1523,0x17cc000,0x17cffff,6.6751,0.1292,0.0110,307,176,72,59,34,34,215,1100,0,215,33,zone_compressee_possible,30
1524,0x17d0000,0x17d3fff,6.5605,0.1222,0.0060,373,230,81,62,36,36,317,1655,0,241,47,zone_compressee_possible,30
1525,0x17d4000,0x17d7fff,6.4513,0.1201,0.0070,341,207,80,54,36,36,241,1268,0,238,37,zone_compressee_possible,30
1526,0x17d8000,0x17dbfff,6.2206,0.1223,0.0093,308,195,67,46,48,48,243,1291,0,242,59,zone_compressee_possible,30
1527,0x17dc000,0x17dffff,6.3585,0.1154,0.0059,344,172,93,79,42,71,331,1774,0,215,67,zone_compressee_possible,30
1528,0x17e0000,0x17e3fff,6.4137,0.1190,0.0065,345,197,81,67,41,42,308,1613,0,228,57,zone_compressee_possible,30
1529,0x17e4000,0x17e7fff,6.4640,0.1246,0.0079,348,194,100,54,40,40,287,1501,0,255,53,zone_compressee_possible,30
1530,0x17e8000,0x17ebfff,6.5388,0.1163,0.0061,360,216,106,38,35,79,296,1553,0,234,30,zone_compressee_possible,30
1531,0x17ec000,0x17effff,6.4875,0.1185,0.0080,318,193,68,57,39,39,276,1479,0,231,46,zone_compressee_possible,30
1532,0x17f0000,0x17f3fff,6.4403,0.1202,0.0070,340,189,83,68,47,48,280,1419,0,242,47,zone_compressee_possible,30
1533,0x17f4000,0x17f7fff,6.5545,0.1172,0.0076,349,183,99,67,37,37,309,1623,0,252,49,zone_compressee_possible,30
1534,0x17f8000,0x17fbfff,6.4137,0.1170,0.0063,331,206,88,37,39,39,264,1407,0,239,61,zone_compressee_possible,30
1535,0x17fc000,0x17fffff,6.5956,0.1156,0.0059,330,174,103,53,37,37,299,1566,0,249,53,zone_compressee_possible,30
1536,0x1800000,0x1803fff,6.5465,0.1179,0.0059,283,160,84,39,62,115,263,1405,0,243,45,zone_compressee_possible,30
1537,0x1804000,0x1807fff,6.6140,0.1213,0.0067,308,166,95,47,42,42,292,1540,0,225,43,zone_compressee_possible,30
1538,0x1808000,0x180bfff,5.6031,0.1016,0.0156,280,140,69,71,39,44,112,545,0,257,117,zone_compressee_possible,30
1539,0x180c000,0x180ffff,6.4316,0.1262,0.0069,323,190,72,61,38,38,243,1302,0,227,69,zone_compressee_possible,30
1540,0x1810000,0x1813fff,6.3607,0.1190,0.0063,341,206,72,63,56,78,277,1518,0,215,50,zone_compressee_possible,30
1541,0x1814000,0x1817fff,6.3512,0.1165,0.0092,344,203,80,61,40,42,318,1733,0,252,48,zone_compressee_possible,30
1542,0x1818000,0x181bfff,6.5673,0.1146,0.0064,340,167,95,78,36,36,333,1778,0,248,51,zone_compressee_possible,30
1543,0x181c000,0x181ffff,6.6046,0.1233,0.0059,308,159,97,52,32,32,235,1201,0,232,49,zone_compressee_possible,30
1544,0x1820000,0x1823fff,6.6230,0.1196,0.0063,279,152,83,44,42,47,305,1579,0,250,36,zone_compressee_possible,30
1545,0x1824000,0x1827fff,6.4591,0.1188,0.0065,390,212,129,49,36,36,259,1377,0,243,56,zone_compressee_possible,30
1546,0x1828000,0x182bfff,6.4518,0.1182,0.0081,351,200,79,72,38,38,283,1547,0,263,43,zone_compressee_possible,30
1547,0x182c000,0x182ffff,6.4462,0.1121,0.0073,351,198,102,51,39,40,301,1626,0,348,41,zone_compressee_possible,30
1548,0x1830000,0x1833fff,6.5715,0.1195,0.0077,325,178,70,77,53,67,290,1644,0,252,45,zone_compressee_possible,30
1549,0x1834000,0x1837fff,6.3622,0.1135,0.0074,347,184,90,73,42,44,362,2012,0,260,46,table_texte_probable,51
1550,0x1838000,0x183bfff,6.3100,0.1105,0.0067,353,193,93,67,43,43,397,2085,0,240,61,table_texte_probable,52
1551,0x183c000,0x183ffff,6.5427,0.1257,0.0057,310,184,83,43,34,34,293,1592,0,240,54,zone_compressee_possible,30
1552,0x1840000,0x1843fff,6.5835,0.1195,0.0073,366,202,97,67,43,43,301,1575,0,207,50,zone_compressee_possible,30
1553,0x1844000,0x1847fff,6.5405,0.1141,0.0053,348,194,109,45,42,43,272,1449,0,252,35,zone_compressee_possible,30
1554,0x1848000,0x184bfff,6.5966,0.1168,0.0065,339,177,83,79,28,28,290,1524,0,228,46,zone_compressee_possible,30
1555,0x184c000,0x184ffff,6.5045,0.1218,0.0049,343,165,106,72,30,30,243,1262,0,262,11,zone_compressee_possible,30
1556,0x1850000,0x1853fff,6.5970,0.1214,0.0049,360,208,112,40,34,34,263,1385,0,244,42,zone_compressee_possible,30
1557,0x1854000,0x1857fff,6.4906,0.1255,0.0093,372,191,105,76,38,44,241,1297,0,192,48,zone_compressee_possible,30
1558,0x1858000,0x185bfff,6.5520,0.1205,0.0069,347,192,77,78,36,36,289,1543,0,243,44,zone_compressee_possible,30
1559,0x185c000,0x185ffff,6.5756,0.1197,0.0110,329,185,84,60,38,38,222,1225,0,213,49,zone_compressee_possible,30
1560,0x1860000,0x1863fff,6.4926,0.1242,0.0054,365,206,102,57,48,53,279,1467,0,235,42,zone_compressee_possible,30
1561,0x1864000,0x1867fff,6.6491,0.1188,0.0106,351,170,106,75,39,39,274,1492,0,270,19,zone_compressee_possible,30
1562,0x1868000,0x186bfff,6.5160,0.1211,0.0047,318,189,77,52,35,35,180,978,0,188,41,zone_compressee_possible,30
1563,0x186c000,0x186ffff,6.6964,0.1136,0.0051,313,172,86,55,28,28,377,2034,0,212,23,table_texte_probable,51
1564,0x1870000,0x1873fff,6.7213,0.1245,0.0060,352,193,108,51,36,39,255,1345,0,215,15,zone_compressee_possible,30
1565,0x1874000,0x1877fff,6.7463,0.1151,0.0075,340,190,105,45,39,46,330,1732,0,206,18,zone_compressee_possible,30
1566,0x1878000,0x187bfff,6.8695,0.1220,0.0054,305,162,93,50,28,28,259,1362,0,176,26,zone_compressee_possible,30
1567,0x187c000,0x187ffff,6.8108,0.1190,0.0065,331,193,80,58,28,32,262,1417,0,184,27,zone_compressee_possible,30
1568,0x1880000,0x1883fff,6.5807,0.1097,0.0087,456,265,107,84,39,43,249,1283,0,202,22,zone_compressee_possible,30
1569,0x1884000,0x1887fff,6.5766,0.1139,0.0059,338,174,111,53,43,44,320,1712,0,227,49,zone_compressee_possible,30
1570,0x1888000,0x188bfff,6.4929,0.1170,0.0065,356,210,86,60,65,82,278,1478,0,212,52,zone_compressee_possible,30
1571,0x188c000,0x188ffff,6.5877,0.1112,0.0070,321,168,87,66,40,41,283,1508,0,191,32,zone_compressee_possible,30
1572,0x1890000,0x1893fff,6.7914,0.1156,0.0058,317,167,96,54,36,42,236,1253,0,188,49,zone_compressee_possible,30
1573,0x1894000,0x1897fff,6.7527,0.1148,0.0038,384,223,111,50,39,49,293,1536,0,229,23,zone_compressee_possible,30
1574,0x1898000,0x189bfff,6.7826,0.1144,0.0077,311,177,85,49,29,37,256,1324,0,194,33,zone_compressee_possible,30
1575,0x189c000,0x189ffff,2.7396,0.6950,0.0203,6,2,2,2,22,201,80,455,0,218,23,zone_indeterminee,10
1576,0x18a0000,0x18a3fff,2.8030,0.6871,0.0272,0,0,0,0,18,18,37,222,0,191,23,zone_indeterminee,10
1577,0x18a4000,0x18a7fff,2.8138,0.6863,0.0232,0,0,0,0,17,17,38,200,0,176,22,zone_indeterminee,10
1578,0x18a8000,0x18abfff,2.8796,0.6824,0.0217,0,0,0,0,15,15,41,244,0,161,35,zone_indeterminee,10
1579,0x18ac000,0x18affff,3.1280,0.6426,0.0346,0,0,0,0,18,18,30,171,0,170,44,zone_indeterminee,10
1580,0x18b0000,0x18b3fff,3.1047,0.6428,0.0277,0,0,0,0,26,115,36,220,0,171,31,zone_indeterminee,10
1581,0x18b4000,0x18b7fff,3.3009,0.6182,0.0262,1,0,0,1,16,16,29,169,0,155,34,zone_indeterminee,10
1582,0x18b8000,0x18bbfff,3.3631,0.5892,0.0284,9,9,0,0,17,18,42,221,0,150,21,zone_indeterminee,10
1583,0x18bc000,0x18bffff,3.0901,0.6483,0.0286,1,1,0,0,15,16,38,260,0,189,15,zone_indeterminee,10
1584,0x18c0000,0x18c3fff,2.9055,0.6797,0.0219,0,0,0,0,25,39,48,286,0,166,33,zone_indeterminee,10
1585,0x18c4000,0x18c7fff,3.2447,0.6348,0.0242,0,0,0,0,17,17,40,348,0,143,23,zone_indeterminee,10
1586,0x18c8000,0x18cbfff,3.0408,0.6525,0.0217,0,0,0,0,16,16,53,336,0,140,20,zone_indeterminee,10
1587,0x18cc000,0x18cffff,3.0886,0.6541,0.0187,0,0,0,0,17,40,57,339,0,114,12,zone_indeterminee,10
1588,0x18d0000,0x18d3fff,2.9654,0.6697,0.0191,1,0,0,1,16,16,34,223,0,115,14,zone_indeterminee,10
1589,0x18d4000,0x18d7fff,3.0201,0.6596,0.0247,0,0,0,0,15,15,41,224,0,124,16,zone_indeterminee,10
1590,0x18d8000,0x18dbfff,2.7898,0.6946,0.0206,0,0,0,0,16,18,23,147,0,136,11,zone_indeterminee,10
1591,0x18dc000,0x18dffff,3.3638,0.6079,0.0262,0,0,0,0,15,15,65,390,0,167,25,zone_indeterminee,10
1592,0x18e0000,0x18e3fff,3.0969,0.6548,0.0217,0,0,0,0,20,20,24,128,0,137,16,zone_indeterminee,10
1593,0x18e4000,0x18e7fff,3.3420,0.6072,0.0289,0,0,0,0,17,17,25,123,0,167,24,zone_indeterminee,10
1594,0x18e8000,0x18ebfff,3.2685,0.6226,0.0278,0,0,0,0,18,20,18,90,0,147,17,zone_indeterminee,10
1595,0x18ec000,0x18effff,3.1935,0.6375,0.0263,0,0,0,0,15,15,34,181,0,137,22,zone_indeterminee,10
1596,0x18f0000,0x18f3fff,2.7503,0.6885,0.0228,0,0,0,0,22,23,71,431,0,145,14,zone_indeterminee,10
1597,0x18f4000,0x18f7fff,3.2559,0.6237,0.0260,0,0,0,0,17,17,59,363,0,120,24,zone_indeterminee,10
1598,0x18f8000,0x18fbfff,3.1579,0.6446,0.0275,2,2,0,0,18,26,46,285,0,141,20,zone_indeterminee,10
1599,0x18fc000,0x18fffff,2.7785,0.6880,0.0269,0,0,0,0,15,15,51,311,0,149,18,zone_indeterminee,10
1600,0x1900000,0x1903fff,2.7738,0.6968,0.0254,2,2,0,0,37,58,44,283,0,126,21,zone_indeterminee,10
1601,0x1904000,0x1907fff,2.4335,0.7368,0.0231,0,0,0,0,25,41,41,244,0,140,18,zone_indeterminee,10
1602,0x1908000,0x190bfff,2.6043,0.7142,0.0265,0,0,0,0,21,21,37,211,0,136,17,zone_indeterminee,10
1603,0x190c000,0x190ffff,2.7782,0.6916,0.0281,0,0,0,0,16,16,23,120,0,133,23,zone_indeterminee,10
1604,0x1910000,0x1913fff,2.6492,0.7065,0.0226,0,0,0,0,28,32,42,300,0,143,18,zone_indeterminee,10
1605,0x1914000,0x1917fff,2.8116,0.6899,0.0262,0,0,0,0,19,19,19,90,0,138,24,zone_indeterminee,10
1606,0x1918000,0x191bfff,2.9815,0.6641,0.0259,0,0,0,0,17,17,76,447,0,138,18,zone_indeterminee,10
1607,0x191c000,0x191ffff,2.7410,0.6969,0.0275,0,0,0,0,15,15,63,398,0,142,17,zone_indeterminee,10
1608,0x1920000,0x1923fff,2.7221,0.6993,0.0251,4,4,0,0,32,47,52,328,0,156,11,zone_indeterminee,10
1609,0x1924000,0x1927fff,2.5982,0.7155,0.0253,0,0,0,0,22,27,29,145,0,145,21,zone_indeterminee,10
1610,0x1928000,0x192bfff,2.7847,0.6903,0.0270,0,0,0,0,25,29,66,325,0,144,9,zone_indeterminee,10
1611,0x192c000,0x192ffff,2.3862,0.7416,0.0222,1,1,0,0,17,17,21,120,0,125,17,zone_indeterminee,10
1612,0x1930000,0x1933fff,3.0181,0.6650,0.0241,0,0,0,0,28,29,54,333,0,136,16,zone_indeterminee,10
1613,0x1934000,0x1937fff,2.7290,0.6967,0.0261,0,0,0,0,21,22,46,248,0,121,24,zone_indeterminee,10
1614,0x1938000,0x193bfff,3.2743,0.6232,0.0293,0,0,0,0,21,22,51,357,0,126,17,zone_indeterminee,10
1615,0x193c000,0x193ffff,2.0306,0.7804,0.0165,0,0,0,0,16,16,12,53,0,119,16,zone_indeterminee,10
1616,0x1940000,0x1943fff,1.7202,0.8018,0.0169,0,0,0,0,23,24,0,0,0,146,18,zone_indeterminee,10
1617,0x1944000,0x1947fff,2.8114,0.6873,0.0252,0,0,0,0,21,31,52,314,0,157,25,zone_indeterminee,10
1618,0x1948000,0x194bfff,2.8633,0.6694,0.0260,0,0,0,0,21,24,32,184,0,146,20,zone_indeterminee,10
1619,0x194c000,0x194ffff,2.8125,0.6858,0.0238,0,0,0,0,18,18,37,266,0,128,20,zone_indeterminee,10
1620,0x1950000,0x1953fff,2.5557,0.7194,0.0259,0,0,0,0,19,21,8,36,0,114,18,zone_indeterminee,10
1621,0x1954000,0x1957fff,2.8671,0.6813,0.0270,0,0,0,0,22,24,42,251,0,113,22,zone_indeterminee,10
1622,0x1958000,0x195bfff,3.2666,0.6247,0.0337,0,0,0,0,17,17,58,347,0,157,25,zone_indeterminee,10
1623,0x195c000,0x195ffff,3.4075,0.6024,0.0330,0,0,0,0,18,19,56,289,0,110,26,zone_indeterminee,10
1624,0x1960000,0x1963fff,2.8038,0.6843,0.0248,0,0,0,0,22,27,67,430,0,115,18,zone_indeterminee,10
1625,0x1964000,0x1967fff,2.6948,0.7042,0.0202,0,0,0,0,21,24,39,255,0,95,16,zone_indeterminee,10
1626,0x1968000,0x196bfff,2.8760,0.6834,0.0242,0,0,0,0,16,16,22,113,0,121,13,zone_indeterminee,10
1627,0x196c000,0x196ffff,2.6427,0.7187,0.0208,0,0,0,0,18,18,46,249,0,132,10,zone_indeterminee,10
1628,0x1970000,0x1973fff,2.7574,0.6912,0.0253,0,0,0,0,24,32,37,284,0,108,18,zone_indeterminee,10
1629,0x1974000,0x1977fff,2.6433,0.7119,0.0148,0,0,0,0,33,36,88,558,0,124,13,zone_indeterminee,10
1630,0x1978000,0x197bfff,2.6953,0.7041,0.0209,0,0,0,0,19,20,32,179,0,129,7,zone_indeterminee,10
1631,0x197c000,0x197ffff,2.5702,0.7253,0.0204,1,1,0,0,18,18,27,139,0,124,11,zone_indeterminee,10
1632,0x1980000,0x1983fff,2.8727,0.6848,0.0211,0,0,0,0,25,30,31,166,0,114,10,zone_indeterminee,10
1633,0x1984000,0x1987fff,3.6275,0.5673,0.0329,0,0,0,0,25,26,82,543,0,134,22,zone_indeterminee,10
1634,0x1988000,0x198bfff,3.1179,0.6543,0.0274,0,0,0,0,26,42,40,286,0,145,8,zone_indeterminee,10
1635,0x198c000,0x198ffff,3.1882,0.5727,0.0360,0,0,0,0,18,18,96,388,0,115,7,zone_indeterminee,10
1636,0x1990000,0x1993fff,2.9395,0.6668,0.0235,0,0,0,0,48,73,34,167,0,109,10,zone_indeterminee,10
1637,0x1994000,0x1997fff,3.4361,0.6050,0.0273,0,0,0,0,31,43,81,425,0,118,17,zone_indeterminee,10
1638,0x1998000,0x199bfff,2.7787,0.6836,0.0250,0,0,0,0,40,66,24,112,0,154,15,zone_indeterminee,10
1639,0x199c000,0x199ffff,2.8756,0.6798,0.0217,0,0,0,0,24,28,38,196,0,139,29,zone_indeterminee,10
1640,0x19a0000,0x19a3fff,2.8530,0.6809,0.0300,0,0,0,0,22,23,26,141,0,96,18,zone_indeterminee,10
1641,0x19a4000,0x19a7fff,3.0040,0.6533,0.0290,0,0,0,0,16,16,26,152,0,132,18,zone_indeterminee,10
1642,0x19a8000,0x19abfff,3.1347,0.6459,0.0274,0,0,0,0,20,20,35,208,0,117,17,zone_indeterminee,10
1643,0x19ac000,0x19affff,2.8496,0.6810,0.0222,0,0,0,0,20,20,36,161,0,104,24,zone_indeterminee,10
1644,0x19b0000,0x19b3fff,3.7675,0.5385,0.0350,0,0,0,0,19,19,73,455,0,109,11,zone_indeterminee,10
1645,0x19b4000,0x19b7fff,3.8496,0.5325,0.0404,0,0,0,0,19,22,36,206,0,124,19,zone_indeterminee,10
1646,0x19b8000,0x19bbfff,3.8762,0.5371,0.0305,16,16,0,0,20,22,75,418,0,105,25,zone_indeterminee,10
1647,0x19bc000,0x19bffff,3.9377,0.5375,0.0335,12,10,0,2,19,23,60,324,0,117,15,zone_indeterminee,10
1648,0x19c0000,0x19c3fff,2.9240,0.6395,0.0308,0,0,0,0,22,22,26,161,0,135,17,zone_indeterminee,10
1649,0x19c4000,0x19c7fff,2.7981,0.6853,0.0208,0,0,0,0,19,19,30,159,0,120,19,zone_indeterminee,10
1650,0x19c8000,0x19cbfff,2.6464,0.7132,0.0197,0,0,0,0,19,19,52,342,0,121,11,zone_indeterminee,10
1651,0x19cc000,0x19cffff,2.7408,0.6984,0.0183,0,0,0,0,17,17,36,183,0,102,14,zone_indeterminee,10
1652,0x19d0000,0x19d3fff,2.8825,0.6747,0.0216,0,0,0,0,20,37,40,207,0,86,20,zone_indeterminee,10
1653,0x19d4000,0x19d7fff,4.3069,0.4746,0.0300,0,0,0,0,16,17,86,602,0,109,26,zone_indeterminee,10
1654,0x19d8000,0x19dbfff,4.5312,0.4418,0.0329,2,2,0,0,18,19,53,338,0,131,38,zone_indeterminee,10
1655,0x19dc000,0x19dffff,4.7260,0.4342,0.0071,58,19,16,23,5,22,12,67,0,100,7,zone_indeterminee,10
1656,0x19e0000,0x19e3fff,5.6992,0.2654,0.0075,74,25,10,39,4,56,338,1951,0,130,5,zone_texte_possible,25
1657,0x19e4000,0x19e7fff,5.5633,0.2847,0.0123,60,40,14,6,1,1,471,2655,0,141,6,table_texte_probable,56
1658,0x19e8000,0x19ebfff,5.0280,0.3307,0.1014,846,32,797,17,2,2,181,1038,0,124,10,zone_compressee_possible,30
1659,0x19ec000,0x19effff,4.2737,0.3489,0.1636,1399,27,503,869,3,3,0,0,0,120,8,zone_compressee_possible,30
1660,0x19f0000,0x19f3fff,5.0076,0.3729,0.0519,487,26,19,442,8,20,0,0,0,131,1,zone_compressee_possible,30
1661,0x19f4000,0x19f7fff,0.2963,0.9767,0.0000,4,3,1,0,1,1,0,0,0,127,9,padding_probable,85
1662,0x19f8000,0x19fbfff,0.1847,0.9861,0.0000,3,1,1,1,4,4,0,0,0,103,6,padding_probable,85
1663,0x19fc000,0x19fffff,0.2616,0.9787,0.0000,8,4,4,0,5,6,0,0,0,134,7,padding_probable,85
1664,0x1a00000,0x1a03fff,0.1693,0.9866,0.0000,3,1,1,1,4,15,0,0,0,115,7,padding_probable,85
1665,0x1a04000,0x1a07fff,0.1916,0.9846,0.0000,6,1,4,1,1,1,0,0,0,109,8,padding_probable,85
1666,0x1a08000,0x1a0bfff,0.1408,0.9890,0.0000,4,3,0,1,1,1,0,0,0,108,7,padding_probable,85
1667,0x1a0c000,0x1a0ffff,0.2033,0.9838,0.0000,5,1,2,2,0,0,0,0,0,99,5,padding_probable,85
1668,0x1a10000,0x1a13fff,0.1781,0.9861,0.0000,1,1,0,0,8,8,0,0,0,120,8,padding_probable,85
1669,0x1a14000,0x1a17fff,0.2336,0.9800,0.0001,6,3,3,0,1,1,0,0,0,85,10,padding_probable,85
1670,0x1a18000,0x1a1bfff,0.1834,0.9851,0.0000,1,1,0,0,1,2,0,0,0,125,2,padding_probable,85
1671,0x1a1c000,0x1a1ffff,4.9802,0.3583,0.0007,77,24,26,27,5,56,0,0,0,164,10,zone_indeterminee,10
1672,0x1a20000,0x1a23fff,6.0106,0.1151,0.0004,940,90,58,792,389,436,5,22,0,101,4,table_pointeurs_probable,49
1673,0x1a24000,0x1a27fff,5.8035,0.2072,0.0144,101,65,2,34,192,243,0,0,0,118,2,table_pointeurs_probable,45
1674,0x1a28000,0x1a2bfff,5.6851,0.2053,0.0186,122,118,1,3,304,427,0,0,0,139,8,table_pointeurs_probable,48
1675,0x1a2c000,0x1a2ffff,5.6329,0.2260,0.0184,94,90,0,4,293,368,0,0,0,128,8,table_pointeurs_probable,47
1676,0x1a30000,0x1a33fff,5.6944,0.2607,0.0128,124,87,18,19,203,282,0,0,0,97,8,table_pointeurs_probable,45
1677,0x1a34000,0x1a37fff,5.5666,0.2999,0.0365,73,39,20,14,3,12,0,0,0,138,7,zone_indeterminee,10
1678,0x1a38000,0x1a3bfff,4.6080,0.3950,0.0348,32,23,8,1,2,2,0,0,0,126,8,zone_indeterminee,10
1679,0x1a3c000,0x1a3ffff,5.7685,0.2781,0.0110,97,26,25,46,12,30,2,8,0,104,5,zone_indeterminee,10
1680,0x1a40000,0x1a43fff,6.7136,0.1618,0.0025,96,34,32,30,8,14,64,332,0,117,4,zone_indeterminee,10
1681,0x1a44000,0x1a47fff,7.1744,0.0519,0.0296,416,300,102,14,3,4,197,1013,0,114,10,zone_compressee_possible,30
1682,0x1a48000,0x1a4bfff,7.6026,0.0496,0.0048,129,115,11,3,4,23,196,1064,0,118,15,zone_compressee_possible,30
1683,0x1a4c000,0x1a4ffff,7.1729,0.0393,0.0182,175,140,34,1,4,5,406,2254,0,98,8,table_texte_probable,53
1684,0x1a50000,0x1a53fff,7.4156,0.0726,0.0126,136,90,37,9,6,11,126,550,0,115,12,zone_compressee_possible,30
1685,0x1a54000,0x1a57fff,7.6609,0.0236,0.0026,57,22,22,13,7,9,175,765,0,124,15,zone_indeterminee,10
1686,0x1a58000,0x1a5bfff,7.7742,0.0087,0.0021,14,6,8,0,4,40,137,657,0,127,13,zone_indeterminee,10
1687,0x1a5c000,0x1a5ffff,7.2316,0.0142,0.0098,80,45,28,7,1,2,220,1007,0,133,12,zone_texte_possible,25
1688,0x1a60000,0x1a63fff,7.7508,0.0132,0.0029,47,30,14,3,8,11,167,718,0,108,8,zone_indeterminee,10
1689,0x1a64000,0x1a67fff,7.6728,0.0322,0.0118,164,128,31,5,9,13,148,623,0,115,8,zone_compressee_possible,30
1690,0x1a68000,0x1a6bfff,7.6626,0.0262,0.0049,65,46,15,4,3,7,106,464,0,171,4,zone_indeterminee,10
1691,0x1a6c000,0x1a6ffff,7.6085,0.0334,0.0103,122,80,33,9,2,4,187,857,0,147,8,zone_compressee_possible,30
1692,0x1a70000,0x1a73fff,7.5494,0.0201,0.0045,61,23,26,12,10,12,231,1007,0,162,16,zone_texte_possible,25
1693,0x1a74000,0x1a77fff,7.5274,0.0279,0.0134,124,84,36,4,6,15,159,715,0,138,10,zone_compressee_possible,30
1694,0x1a78000,0x1a7bfff,7.2899,0.0281,0.0184,166,104,54,8,4,11,176,1020,0,102,11,zone_compressee_possible,30
1695,0x1a7c000,0x1a7ffff,6.6676,0.0416,0.0280,242,155,80,7,1,2,160,868,0,101,14,zone_compressee_possible,30
1696,0x1a80000,0x1a83fff,7.4356,0.0089,0.0098,25,13,10,2,4,6,287,1683,0,115,6,zone_texte_possible,25
1697,0x1a84000,0x1a87fff,7.0965,0.0698,0.0206,302,230,59,13,5,8,98,469,0,125,12,zone_compressee_possible,30
1698,0x1a88000,0x1a8bfff,7.7402,0.0148,0.0034,31,18,5,8,6,8,81,366,0,125,10,zone_indeterminee,10
1699,0x1a8c000,0x1a8ffff,7.7393,0.0068,0.0031,34,10,17,7,3,5,163,760,0,116,13,zone_indeterminee,10
1700,0x1a90000,0x1a93fff,6.5441,0.0627,0.0155,185,95,79,11,8,12,296,1565,0,103,7,zone_compressee_possible,30
1701,0x1a94000,0x1a97fff,6.5714,0.1135,0.0162,135,93,35,7,8,12,423,2273,0,99,10,table_texte_probable,54
1702,0x1a98000,0x1a9bfff,7.6023,0.0165,0.0051,30,20,2,8,9,16,206,871,0,116,10,zone_texte_possible,25
1703,0x1a9c000,0x1a9ffff,7.5038,0.0368,0.0086,112,84,24,4,3,5,147,629,0,112,11,zone_compressee_possible,30
1704,0x1aa0000,0x1aa3fff,7.4394,0.0219,0.0109,123,81,33,9,18,22,160,713,0,113,12,zone_compressee_possible,30
1705,0x1aa4000,0x1aa7fff,7.3060,0.1025,0.0085,116,87,20,9,9,14,179,814,0,107,12,zone_compressee_possible,30
1706,0x1aa8000,0x1aabfff,7.6772,0.0238,0.0084,84,47,32,5,27,46,70,288,0,110,25,zone_indeterminee,10
1707,0x1aac000,0x1aaffff,7.5945,0.0123,0.0062,63,52,9,2,6,9,83,345,0,122,24,zone_indeterminee,10
1708,0x1ab0000,0x1ab3fff,7.5355,0.0081,0.0074,77,43,28,6,5,8,49,209,0,116,9,zone_indeterminee,10
1709,0x1ab4000,0x1ab7fff,7.7216,0.0135,0.0059,55,32,16,7,6,9,100,432,0,127,9,zone_indeterminee,10
1710,0x1ab8000,0x1abbfff,7.0542,0.0526,0.0258,195,118,65,12,7,8,186,955,0,104,12,zone_compressee_possible,30
1711,0x1abc000,0x1abffff,7.0571,0.0416,0.0073,135,108,12,15,3,7,341,1601,0,119,12,zone_compressee_possible,30
1712,0x1ac0000,0x1ac3fff,7.7089,0.0046,0.0014,14,4,7,3,5,7,273,1301,0,119,9,zone_texte_possible,25
1713,0x1ac4000,0x1ac7fff,7.6298,0.0356,0.0112,157,87,59,11,6,11,146,630,0,108,9,zone_compressee_possible,30
1714,0x1ac8000,0x1acbfff,7.6992,0.0137,0.0045,48,22,21,5,5,9,164,727,0,98,13,zone_indeterminee,10
1715,0x1acc000,0x1acffff,7.7614,0.0062,0.0026,29,15,9,5,4,6,48,217,0,128,6,zone_indeterminee,10
1716,0x1ad0000,0x1ad3fff,7.0897,0.0555,0.0174,197,121,65,11,6,11,219,934,0,117,10,zone_compressee_possible,30
1717,0x1ad4000,0x1ad7fff,7.6220,0.0444,0.0077,117,72,38,7,4,7,142,651,0,117,13,zone_compressee_possible,30
1718,0x1ad8000,0x1adbfff,7.6388,0.0106,0.0038,46,19,14,13,3,7,223,970,0,108,13,zone_texte_possible,25
1719,0x1adc000,0x1adffff,7.2481,0.0122,0.0143,93,36,48,9,3,4,275,1673,0,117,9,zone_texte_possible,25
1720,0x1ae0000,0x1ae3fff,7.1777,0.0488,0.0214,388,282,102,4,3,5,85,408,0,124,15,zone_compressee_possible,30
1721,0x1ae4000,0x1ae7fff,7.4235,0.0282,0.0139,176,102,62,12,3,7,75,329,0,97,13,zone_compressee_possible,30
1722,0x1ae8000,0x1aebfff,7.7090,0.0054,0.0013,13,5,4,4,3,8,125,528,0,101,7,zone_indeterminee,10
1723,0x1aec000,0x1aeffff,7.7378,0.0079,0.0011,18,7,8,3,3,5,254,1158,0,143,9,zone_texte_possible,25
1724,0x1af0000,0x1af3fff,7.3291,0.0239,0.0090,106,66,32,8,7,10,204,1062,0,125,18,zone_compressee_possible,30
1725,0x1af4000,0x1af7fff,7.6941,0.0166,0.0031,36,30,5,1,3,10,400,1746,0,127,8,table_texte_probable,52
1726,0x1af8000,0x1afbfff,7.4590,0.0331,0.0183,194,122,62,10,5,7,121,627,0,124,10,zone_compressee_possible,30
1727,0x1afc000,0x1afffff,7.3754,0.0394,0.0151,260,177,68,15,2,3,111,578,0,163,12,zone_compressee_possible,30
1728,0x1b00000,0x1b03fff,7.1868,0.0593,0.0256,285,217,67,1,6,10,229,1257,0,112,14,zone_compressee_possible,30
1729,0x1b04000,0x1b07fff,7.2336,0.0637,0.0214,192,127,59,6,4,12,190,1007,0,119,12,zone_compressee_possible,30
1730,0x1b08000,0x1b0bfff,7.0030,0.0455,0.0154,216,152,57,7,3,7,191,949,0,90,6,zone_compressee_possible,30
1731,0x1b0c000,0x1b0ffff,7.2545,0.0568,0.0165,183,137,33,13,4,7,201,934,0,133,11,zone_compressee_possible,30
1732,0x1b10000,0x1b13fff,6.9582,0.1224,0.0203,368,331,33,4,7,17,96,418,0,122,23,zone_compressee_possible,30
1733,0x1b14000,0x1b17fff,7.4671,0.0325,0.0155,220,164,51,5,2,4,141,620,0,105,16,zone_compressee_possible,30
1734,0x1b18000,0x1b1bfff,7.3540,0.0151,0.0048,62,26,22,14,3,8,153,687,0,127,16,zone_indeterminee,10
1735,0x1b1c000,0x1b1ffff,7.6410,0.0451,0.0107,93,82,11,0,1,4,91,379,0,103,17,zone_indeterminee,10
1736,0x1b20000,0x1b23fff,7.7257,0.0098,0.0022,19,4,10,5,6,9,153,720,0,121,30,zone_indeterminee,10
1737,0x1b24000,0x1b27fff,7.7600,0.0081,0.0016,12,5,6,1,6,9,111,509,0,140,15,zone_indeterminee,10
1738,0x1b28000,0x1b2bfff,7.6583,0.0065,0.0008,14,10,3,1,6,8,130,553,0,135,4,zone_indeterminee,10
1739,0x1b2c000,0x1b2ffff,7.7397,0.0058,0.0025,17,2,11,4,2,4,185,820,0,116,6,zone_indeterminee,10
1740,0x1b30000,0x1b33fff,7.4013,0.0160,0.0046,62,22,24,16,9,15,266,1270,0,128,7,zone_texte_possible,25
1741,0x1b34000,0x1b37fff,7.4097,0.0208,0.0088,231,144,74,13,6,8,154,711,0,132,12,zone_compressee_possible,30
1742,0x1b38000,0x1b3bfff,7.6298,0.0162,0.0063,62,38,16,8,6,8,175,766,0,111,16,zone_indeterminee,10
1743,0x1b3c000,0x1b3ffff,7.6387,0.0173,0.0093,87,47,35,5,2,4,92,390,0,109,10,zone_indeterminee,10
1744,0x1b40000,0x1b43fff,7.4459,0.0180,0.0105,100,48,38,14,4,7,212,1075,0,132,7,zone_compressee_possible,30
1745,0x1b44000,0x1b47fff,7.7722,0.0266,0.0089,89,68,16,5,5,9,230,1010,0,118,16,zone_texte_possible,25
1746,0x1b48000,0x1b4bfff,7.7787,0.0042,0.0020,31,18,10,3,1,2,178,764,0,122,9,zone_indeterminee,10
1747,0x1b4c000,0x1b4ffff,6.2453,0.1273,0.0190,302,253,39,10,4,6,244,1276,0,99,13,zone_compressee_possible,30
1748,0x1b50000,0x1b53fff,6.7845,0.0219,0.0132,172,86,67,19,3,4,253,1256,0,107,9,zone_compressee_possible,30
1749,0x1b54000,0x1b57fff,7.7136,0.0232,0.0062,46,30,11,5,5,13,182,782,0,131,6,zone_indeterminee,10
1750,0x1b58000,0x1b5bfff,7.2658,0.0414,0.0208,206,158,45,3,5,7,50,227,0,129,8,zone_compressee_possible,30
1751,0x1b5c000,0x1b5ffff,7.3902,0.0370,0.0089,96,53,34,9,5,7,207,957,0,113,14,zone_texte_possible,25
1752,0x1b60000,0x1b63fff,6.2105,0.0335,0.0406,411,275,123,13,3,4,113,557,0,106,10,zone_compressee_possible,30
1753,0x1b64000,0x1b67fff,6.6050,0.0199,0.0344,312,248,55,9,5,7,116,521,0,107,9,zone_compressee_possible,30
1754,0x1b68000,0x1b6bfff,7.1500,0.0228,0.0147,161,109,47,5,4,9,312,1458,0,144,13,zone_compressee_possible,30
1755,0x1b6c000,0x1b6ffff,7.6268,0.0032,0.0018,16,2,9,5,2,3,205,888,0,106,12,zone_texte_possible,25
1756,0x1b70000,0x1b73fff,7.6537,0.0285,0.0104,138,78,49,11,8,14,161,727,0,130,15,zone_compressee_possible,30
1757,0x1b74000,0x1b77fff,7.2995,0.0219,0.0092,85,42,24,19,6,7,241,1253,0,119,20,zone_texte_possible,25
1758,0x1b78000,0x1b7bfff,7.3058,0.0546,0.0186,172,111,47,14,3,13,49,204,0,103,25,zone_compressee_possible,30
1759,0x1b7c000,0x1b7ffff,7.5490,0.0565,0.0037,120,92,22,6,5,11,168,774,0,116,18,zone_compressee_possible,30
1760,0x1b80000,0x1b83fff,7.7199,0.0066,0.0012,14,5,4,5,2,12,56,245,0,111,16,zone_indeterminee,10
1761,0x1b84000,0x1b87fff,7.6955,0.0102,0.0029,14,6,7,1,4,15,83,356,0,95,22,zone_indeterminee,10
1762,0x1b88000,0x1b8bfff,7.3377,0.0365,0.0168,154,101,47,6,4,8,62,272,0,109,19,zone_compressee_possible,30
1763,0x1b8c000,0x1b8ffff,7.2003,0.0613,0.0191,185,141,39,5,8,10,420,1892,0,107,15,table_texte_probable,53
1764,0x1b90000,0x1b93fff,7.7210,0.0121,0.0048,29,18,7,4,11,13,164,684,0,111,11,zone_indeterminee,10
1765,0x1b94000,0x1b97fff,7.6166,0.0562,0.0030,59,35,18,6,7,37,267,1214,0,109,8,zone_texte_possible,25
1766,0x1b98000,0x1b9bfff,6.9883,0.0905,0.0190,245,176,54,15,7,22,83,402,0,106,19,zone_compressee_possible,30
1767,0x1b9c000,0x1b9ffff,6.8345,0.0177,0.0120,90,38,41,11,4,10,468,2453,0,99,16,table_texte_probable,56
1768,0x1ba0000,0x1ba3fff,7.7268,0.0106,0.0065,68,35,29,4,6,15,85,369,0,104,4,zone_indeterminee,10
1769,0x1ba4000,0x1ba7fff,6.5655,0.0353,0.0219,163,86,63,14,7,12,317,1712,0,111,12,zone_compressee_possible,30
1770,0x1ba8000,0x1babfff,7.6813,0.0104,0.0035,41,24,10,7,3,4,145,611,0,118,14,zone_indeterminee,10
1771,0x1bac000,0x1baffff,7.7065,0.0390,0.0076,65,40,21,4,2,4,64,268,0,115,14,zone_indeterminee,10
1772,0x1bb0000,0x1bb3fff,7.7119,0.0165,0.0057,115,96,13,6,9,12,152,704,0,115,7,zone_compressee_possible,30
1773,0x1bb4000,0x1bb7fff,7.5746,0.0494,0.0107,170,119,37,14,4,6,76,333,0,114,15,zone_compressee_possible,30
1774,0x1bb8000,0x1bbbfff,6.9121,0.0364,0.0153,170,104,53,13,15,21,300,1387,0,113,10,zone_compressee_possible,30
1775,0x1bbc000,0x1bbffff,7.7222,0.0350,0.0032,41,23,13,5,8,10,129,553,0,103,12,zone_indeterminee,10
1776,0x1bc0000,0x1bc3fff,6.2899,0.2747,0.0092,92,73,17,2,10,16,185,870,0,106,13,zone_indeterminee,10
1777,0x1bc4000,0x1bc7fff,7.6686,0.0052,0.0032,24,9,9,6,6,8,102,427,0,117,12,zone_indeterminee,10
1778,0x1bc8000,0x1bcbfff,6.9874,0.0192,0.0099,93,42,40,11,4,10,372,2070,0,102,5,table_texte_probable,51
1779,0x1bcc000,0x1bcffff,7.5899,0.0071,0.0048,32,9,16,7,3,5,222,1047,0,110,13,zone_texte_possible,25
1780,0x1bd0000,0x1bd3fff,7.7117,0.0093,0.0030,52,16,33,3,10,20,165,727,0,103,12,zone_indeterminee,10
1781,0x1bd4000,0x1bd7fff,7.5042,0.0858,0.0051,121,65,36,20,8,13,112,497,0,126,8,zone_compressee_possible,30
1782,0x1bd8000,0x1bdbfff,7.0758,0.0379,0.0211,238,164,62,12,12,18,277,1336,0,102,14,zone_compressee_possible,30
1783,0x1bdc000,0x1bdffff,7.6645,0.0055,0.0028,14,4,4,6,4,5,213,951,0,106,8,zone_texte_possible,25
1784,0x1be0000,0x1be3fff,7.6892,0.0158,0.0055,65,51,10,4,12,17,241,1203,0,119,9,zone_texte_possible,25
1785,0x1be4000,0x1be7fff,7.1877,0.0082,0.0006,11,4,5,2,8,11,61,275,0,118,12,zone_indeterminee,10
1786,0x1be8000,0x1bebfff,6.9327,0.0365,0.0192,165,117,43,5,17,22,355,1831,0,114,12,table_texte_probable,50
1787,0x1bec000,0x1beffff,6.9231,0.0173,0.0156,94,52,39,3,4,5,407,2384,0,111,14,table_texte_probable,53
1788,0x1bf0000,0x1bf3fff,7.6223,0.0497,0.0060,99,58,35,6,16,23,226,1050,0,124,14,zone_texte_possible,25
1789,0x1bf4000,0x1bf7fff,5.7935,0.1668,0.0386,586,473,105,8,6,13,122,553,0,136,23,zone_compressee_possible,30
1790,0x1bf8000,0x1bfbfff,7.2982,0.0523,0.0045,42,27,9,6,23,26,293,1308,0,116,15,zone_texte_possible,25
1791,0x1bfc000,0x1bfffff,7.7503,0.0121,0.0042,34,25,7,2,6,9,180,770,0,121,15,zone_indeterminee,10
1792,0x1c00000,0x1c03fff,7.4802,0.0156,0.0119,120,81,30,9,9,13,217,946,0,125,10,zone_compressee_possible,30
1793,0x1c04000,0x1c07fff,7.5501,0.0153,0.0037,46,26,13,7,15,20,236,1122,0,124,26,zone_texte_possible,25
1794,0x1c08000,0x1c0bfff,7.7218,0.0070,0.0020,15,4,6,5,7,9,95,412,0,117,2,zone_indeterminee,10
1795,0x1c0c000,0x1c0ffff,6.9436,0.0186,0.0180,82,43,36,3,4,12,369,2642,0,101,8,table_texte_probable,51
1796,0x1c10000,0x1c13fff,5.8989,0.0706,0.0468,417,278,123,16,5,7,176,845,0,108,14,zone_compressee_possible,30
1797,0x1c14000,0x1c17fff,7.5649,0.0282,0.0145,126,86,36,4,1,2,136,583,0,115,17,zone_compressee_possible,30
1798,0x1c18000,0x1c1bfff,7.0914,0.0226,0.0145,156,89,56,11,7,12,279,1363,0,86,5,zone_compressee_possible,30
1799,0x1c1c000,0x1c1ffff,7.7528,0.0168,0.0078,88,55,24,9,3,6,106,469,0,114,9,zone_indeterminee,10
1800,0x1c20000,0x1c23fff,7.7877,0.0113,0.0043,50,25,15,10,7,9,183,847,0,117,14,zone_indeterminee,10
1801,0x1c24000,0x1c27fff,7.7576,0.0071,0.0019,13,5,6,2,6,8,142,607,0,108,16,zone_indeterminee,10
1802,0x1c28000,0x1c2bfff,7.5844,0.0447,0.0112,105,79,17,9,3,4,362,1597,0,131,11,table_texte_probable,51
1803,0x1c2c000,0x1c2ffff,6.7904,0.0511,0.0264,245,176,59,10,4,6,116,500,0,109,7,zone_compressee_possible,30
1804,0x1c30000,0x1c33fff,7.6806,0.0190,0.0096,103,76,23,4,11,15,95,419,0,102,15,zone_compressee_possible,30
1805,0x1c34000,0x1c37fff,7.7544,0.0338,0.0039,47,27,14,6,8,9,186,794,0,95,4,zone_indeterminee,10
1806,0x1c38000,0x1c3bfff,7.6440,0.0106,0.0081,92,65,21,6,3,4,134,604,0,134,9,zone_indeterminee,10
1807,0x1c3c000,0x1c3ffff,6.7184,0.0360,0.0222,250,148,88,14,6,8,329,1732,0,119,18,zone_compressee_possible,30
1808,0x1c40000,0x1c43fff,6.1344,0.1647,0.0281,419,309,100,10,14,16,183,874,0,108,17,zone_compressee_possible,30
1809,0x1c44000,0x1c47fff,7.3265,0.0440,0.0062,82,40,22,20,11,14,327,1603,0,118,10,zone_texte_possible,25
1810,0x1c48000,0x1c4bfff,7.4799,0.0433,0.0112,118,86,28,4,60,92,133,564,0,111,9,zone_compressee_possible,30
1811,0x1c4c000,0x1c4ffff,7.3722,0.0304,0.0197,192,143,41,8,4,5,37,168,0,95,27,zone_compressee_possible,30
1812,0x1c50000,0x1c53fff,7.5203,0.0584,0.0040,89,76,7,6,8,11,170,806,0,89,24,zone_indeterminee,10
1813,0x1c54000,0x1c57fff,7.3411,0.0356,0.0096,110,84,22,4,3,9,249,1126,0,117,18,zone_compressee_possible,30
1814,0x1c58000,0x1c5bfff,7.2955,0.0375,0.0134,181,126,41,14,7,10,365,1669,0,120,13,table_texte_probable,51
1815,0x1c5c000,0x1c5ffff,7.6853,0.0066,0.0004,7,2,2,3,5,7,134,568,0,99,8,zone_indeterminee,10
1816,0x1c60000,0x1c63fff,7.7651,0.0123,0.0042,59,38,16,5,3,4,142,613,0,107,18,zone_indeterminee,10
1817,0x1c64000,0x1c67fff,7.6276,0.0104,0.0023,33,18,7,8,7,10,173,745,0,98,17,zone_indeterminee,10
1818,0x1c68000,0x1c6bfff,7.6116,0.0144,0.0039,45,19,21,5,6,10,294,1284,0,107,19,zone_texte_possible,25
1819,0x1c6c000,0x1c6ffff,7.4974,0.0207,0.0089,107,65,29,13,4,6,107,458,0,125,6,zone_compressee_possible,30
1820,0x1c70000,0x1c73fff,7.1870,0.0076,0.0062,52,29,14,9,16,21,275,1275,0,144,20,zone_texte_possible,25
1821,0x1c74000,0x1c77fff,7.3563,0.0679,0.0100,146,101,36,9,4,6,30,121,0,129,33,zone_compressee_possible,30
1822,0x1c78000,0x1c7bfff,7.0740,0.0421,0.0308,330,229,93,8,5,7,179,871,0,122,13,zone_compressee_possible,30
1823,0x1c7c000,0x1c7ffff,7.6405,0.0233,0.0013,35,31,3,1,8,13,101,447,0,103,18,zone_indeterminee,10
1824,0x1c80000,0x1c83fff,7.5479,0.0227,0.0104,113,75,29,9,4,9,103,441,0,108,13,zone_compressee_possible,30
1825,0x1c84000,0x1c87fff,7.5587,0.0446,0.0096,98,73,21,4,3,8,152,621,0,119,19,zone_indeterminee,10
1826,0x1c88000,0x1c8bfff,6.5936,0.0422,0.0263,205,147,47,11,2,3,361,1556,0,109,12,table_texte_probable,50
1827,0x1c8c000,0x1c8ffff,7.2248,0.0632,0.0303,270,208,58,4,6,13,96,437,0,111,9,zone_compressee_possible,30
1828,0x1c90000,0x1c93fff,7.4903,0.0369,0.0150,119,87,30,2,9,26,182,922,0,94,12,zone_compressee_possible,30
1829,0x1c94000,0x1c97fff,7.7148,0.0062,0.0053,48,17,19,12,9,11,110,493,0,107,10,zone_indeterminee,10
1830,0x1c98000,0x1c9bfff,7.6593,0.0240,0.0061,99,62,30,7,5,10,129,544,0,105,17,zone_indeterminee,10
1831,0x1c9c000,0x1c9ffff,7.8116,0.0151,0.0039,69,64,4,1,5,8,99,427,0,101,6,zone_indeterminee,10
1832,0x1ca0000,0x1ca3fff,7.0992,0.0170,0.0092,94,41,36,17,6,9,235,1111,0,94,6,zone_texte_possible,25
1833,0x1ca4000,0x1ca7fff,6.5084,0.0744,0.0220,360,269,76,15,2,4,318,1793,0,112,12,zone_compressee_possible,30
1834,0x1ca8000,0x1cabfff,7.7529,0.0050,0.0028,22,8,9,5,5,6,203,931,0,107,17,zone_texte_possible,25
1835,0x1cac000,0x1caffff,7.6564,0.0073,0.0027,29,5,14,10,5,7,277,1276,0,118,16,zone_texte_possible,25
1836,0x1cb0000,0x1cb3fff,7.7808,0.0046,0.0010,11,1,6,4,5,6,277,1287,0,119,12,zone_texte_possible,25
1837,0x1cb4000,0x1cb7fff,7.6976,0.0307,0.0022,41,23,12,6,4,7,36,151,0,124,18,zone_indeterminee,10
1838,0x1cb8000,0x1cbbfff,7.6452,0.0455,0.0043,100,62,30,8,8,10,124,530,0,110,11,zone_compressee_possible,30
1839,0x1cbc000,0x1cbffff,7.4033,0.0234,0.0045,69,30,31,8,3,7,415,2166,0,122,9,table_texte_probable,53
1840,0x1cc0000,0x1cc3fff,7.4226,0.0184,0.0066,55,34,17,4,16,19,51,258,0,123,9,zone_indeterminee,10
1841,0x1cc4000,0x1cc7fff,7.0692,0.0270,0.0067,95,83,10,2,18,21,28,127,0,90,16,zone_indeterminee,10
1842,0x1cc8000,0x1ccbfff,7.5407,0.0326,0.0094,85,58,21,6,13,21,98,418,0,118,21,zone_indeterminee,10
1843,0x1ccc000,0x1ccffff,7.6335,0.0158,0.0091,88,51,28,9,16,18,127,572,0,107,5,zone_indeterminee,10
1844,0x1cd0000,0x1cd3fff,7.4794,0.0520,0.0100,139,87,47,5,9,12,101,448,0,86,9,zone_compressee_possible,30
1845,0x1cd4000,0x1cd7fff,7.3512,0.0609,0.0147,174,154,15,5,6,10,129,566,0,121,17,zone_compressee_possible,30
1846,0x1cd8000,0x1cdbfff,7.3129,0.1154,0.0037,41,30,8,3,7,11,240,1083,0,82,14,zone_texte_possible,25
1847,0x1cdc000,0x1cdffff,7.7932,0.0070,0.0012,11,2,8,1,8,10,113,471,0,108,8,zone_indeterminee,10
1848,0x1ce0000,0x1ce3fff,5.6430,0.2692,0.0234,280,181,90,9,7,9,206,1088,0,112,13,zone_compressee_possible,30
1849,0x1ce4000,0x1ce7fff,5.7151,0.1772,0.0252,330,219,104,7,3,5,311,1659,0,86,19,zone_compressee_possible,30
1850,0x1ce8000,0x1cebfff,7.6653,0.0242,0.0077,90,63,22,5,6,9,287,1427,0,101,10,zone_texte_possible,25
1851,0x1cec000,0x1ceffff,7.5994,0.0428,0.0077,76,40,30,6,6,11,149,696,0,123,13,zone_indeterminee,10
1852,0x1cf0000,0x1cf3fff,7.2251,0.0186,0.0039,36,17,11,8,2,4,51,230,0,106,13,zone_indeterminee,10
1853,0x1cf4000,0x1cf7fff,7.4511,0.0152,0.0082,74,41,27,6,5,11,193,1006,0,116,19,zone_indeterminee,10
1854,0x1cf8000,0x1cfbfff,7.2790,0.0561,0.0184,179,122,48,9,7,10,144,621,0,124,9,zone_compressee_possible,30
1855,0x1cfc000,0x1cfffff,7.5157,0.0208,0.0039,71,23,40,8,7,12,259,1173,0,101,11,zone_texte_possible,25
1856,0x1d00000,0x1d03fff,7.4212,0.0139,0.0019,36,10,18,8,9,19,303,1355,0,102,12,zone_texte_possible,25
1857,0x1d04000,0x1d07fff,7.5923,0.0144,0.0076,68,46,14,8,8,41,118,511,0,84,13,zone_indeterminee,10
1858,0x1d08000,0x1d0bfff,7.6406,0.0057,0.0032,13,8,3,2,4,5,412,2002,0,115,17,table_texte_probable,53
1859,0x1d0c000,0x1d0ffff,7.3422,0.0225,0.0110,97,62,26,9,7,9,308,1465,0,112,15,zone_texte_possible,25
1860,0x1d10000,0x1d13fff,7.7012,0.0078,0.0020,22,9,8,5,5,13,205,892,0,94,21,zone_texte_possible,25
1861,0x1d14000,0x1d17fff,6.6004,0.0693,0.0380,406,321,80,5,6,9,116,494,0,90,9,zone_compressee_possible,30
1862,0x1d18000,0x1d1bfff,7.1321,0.0764,0.0066,148,120,21,7,7,10,60,266,0,97,10,zone_compressee_possible,30
1863,0x1d1c000,0x1d1ffff,7.5684,0.0394,0.0107,99,69,26,4,9,22,182,886,0,102,9,zone_indeterminee,10
1864,0x1d20000,0x1d23fff,7.0718,0.0753,0.0176,212,162,42,8,13,16,142,624,0,111,10,zone_compressee_possible,30
1865,0x1d24000,0x1d27fff,7.7061,0.0175,0.0024,55,19,24,12,5,9,89,395,0,108,5,zone_indeterminee,10
1866,0x1d28000,0x1d2bfff,7.5970,0.0236,0.0090,100,77,21,2,4,7,235,1042,0,90,13,zone_compressee_possible,30
1867,0x1d2c000,0x1d2ffff,7.6040,0.0177,0.0046,43,14,22,7,13,16,210,1016,0,103,16,zone_texte_possible,25
1868,0x1d30000,0x1d33fff,5.8664,0.0531,0.0273,219,138,74,7,10,18,591,3527,0,89,10,table_texte_probable,62
1869,0x1d34000,0x1d37fff,7.7243,0.0186,0.0045,45,35,8,2,2,4,119,491,0,103,8,zone_indeterminee,10
1870,0x1d38000,0x1d3bfff,6.7200,0.0474,0.0325,273,169,100,4,11,13,288,1718,0,93,17,zone_compressee_possible,30
1871,0x1d3c000,0x1d3ffff,5.9494,0.1062,0.0344,441,352,80,9,8,9,235,1041,0,107,18,zone_compressee_possible,30
1872,0x1d40000,0x1d43fff,7.5233,0.0773,0.0031,65,55,6,4,8,10,121,518,0,83,26,zone_indeterminee,10
1873,0x1d44000,0x1d47fff,7.2239,0.1303,0.0103,94,63,26,5,9,11,79,346,0,95,13,zone_indeterminee,10
1874,0x1d48000,0x1d4bfff,6.9823,0.1795,0.0024,37,25,8,4,3,7,158,945,0,108,11,zone_indeterminee,10
1875,0x1d4c000,0x1d4ffff,6.9612,0.0679,0.0343,316,240,66,10,5,7,139,584,0,113,29,zone_compressee_possible,30
1876,0x1d50000,0x1d53fff,7.5885,0.0108,0.0099,117,70,41,6,5,7,167,734,0,117,22,zone_compressee_possible,30
1877,0x1d54000,0x1d57fff,7.5116,0.0257,0.0084,78,38,29,11,4,6,92,392,0,98,24,zone_indeterminee,10
1878,0x1d58000,0x1d5bfff,7.6121,0.0124,0.0054,32,17,12,3,9,45,360,1876,0,98,14,table_texte_probable,50
1879,0x1d5c000,0x1d5ffff,7.0293,0.0497,0.0253,213,160,52,1,11,13,344,1656,0,103,29,table_texte_probable,50
1880,0x1d60000,0x1d63fff,7.7034,0.0248,0.0051,68,41,24,3,10,16,135,582,0,95,14,zone_indeterminee,10
1881,0x1d64000,0x1d67fff,7.3890,0.0690,0.0077,365,282,72,11,7,10,167,874,0,100,14,zone_compressee_possible,30
1882,0x1d68000,0x1d6bfff,7.5500,0.0339,0.0075,241,164,65,12,6,13,256,1258,0,81,11,zone_compressee_possible,30
1883,0x1d6c000,0x1d6ffff,7.7434,0.0098,0.0087,94,71,15,8,16,19,71,305,0,104,19,zone_indeterminee,10
1884,0x1d70000,0x1d73fff,7.5935,0.0567,0.0080,170,144,24,2,6,10,188,856,0,93,12,zone_compressee_possible,30
1885,0x1d74000,0x1d77fff,7.3928,0.0250,0.0103,81,52,24,5,4,6,304,1418,0,98,7,zone_texte_possible,25
1886,0x1d78000,0x1d7bfff,7.4274,0.0324,0.0066,76,41,26,9,10,13,174,797,0,97,16,zone_indeterminee,10
1887,0x1d7c000,0x1d7ffff,7.1992,0.0093,0.0056,49,19,18,12,10,12,179,923,0,69,13,zone_indeterminee,10
1888,0x1d80000,0x1d83fff,7.7858,0.0057,0.0019,14,5,6,3,7,9,188,931,0,93,17,zone_indeterminee,10
1889,0x1d84000,0x1d87fff,7.6552,0.0538,0.0026,33,22,6,5,3,5,72,345,0,94,13,zone_indeterminee,10
1890,0x1d88000,0x1d8bfff,7.1919,0.0124,0.0066,71,23,26,22,5,7,278,1342,0,98,11,zone_texte_possible,25
1891,0x1d8c000,0x1d8ffff,7.2618,0.0448,0.0212,235,169,60,6,8,12,184,941,0,108,9,zone_compressee_possible,30
1892,0x1d90000,0x1d93fff,7.0431,0.0594,0.0156,238,173,55,10,16,22,366,1822,0,90,6,table_texte_probable,51
1893,0x1d94000,0x1d97fff,7.6851,0.0159,0.0027,38,22,11,5,5,7,52,225,0,99,14,zone_indeterminee,10
1894,0x1d98000,0x1d9bfff,7.4617,0.0215,0.0046,60,39,18,3,8,10,87,374,0,106,11,zone_indeterminee,10
1895,0x1d9c000,0x1d9ffff,7.5589,0.0123,0.0099,87,35,38,14,9,11,148,657,0,110,21,zone_indeterminee,10
1896,0x1da0000,0x1da3fff,7.5386,0.0081,0.0031,32,6,17,9,6,7,225,1125,0,111,9,zone_texte_possible,25
1897,0x1da4000,0x1da7fff,7.7280,0.0071,0.0017,9,5,3,1,8,11,104,429,0,87,17,zone_indeterminee,10
1898,0x1da8000,0x1dabfff,6.4506,0.0463,0.0257,242,151,80,11,8,10,270,1303,0,89,12,zone_compressee_possible,30
1899,0x1dac000,0x1daffff,6.8199,0.0448,0.0238,220,157,59,4,12,14,355,1820,0,92,14,table_texte_probable,50
1900,0x1db0000,0x1db3fff,6.4532,0.0534,0.0282,250,164,69,17,11,12,202,1041,0,91,7,zone_compressee_possible,30
1901,0x1db4000,0x1db7fff,7.6420,0.0189,0.0056,68,42,20,6,9,15,335,1469,0,98,11,zone_texte_possible,25
1902,0x1db8000,0x1dbbfff,5.9363,0.0779,0.0395,366,259,100,7,8,10,465,2992,0,101,28,table_texte_probable,56
1903,0x1dbc000,0x1dbffff,7.3197,0.0174,0.0093,144,111,31,2,15,18,184,951,0,90,10,zone_compressee_possible,30
1904,0x1dc0000,0x1dc3fff,7.3713,0.0217,0.0186,199,117,65,17,10,11,93,414,0,107,7,zone_compressee_possible,30
1905,0x1dc4000,0x1dc7fff,7.6613,0.0129,0.0024,39,6,26,7,6,8,174,760,0,107,11,zone_indeterminee,10
1906,0x1dc8000,0x1dcbfff,7.7606,0.0053,0.0035,23,12,4,7,8,10,103,440,0,94,19,zone_indeterminee,10
1907,0x1dcc000,0x1dcffff,7.8232,0.0085,0.0027,35,15,15,5,13,15,116,505,0,110,12,zone_indeterminee,10
1908,0x1dd0000,0x1dd3fff,7.4622,0.0293,0.0107,133,88,36,9,11,17,298,1367,0,90,18,zone_compressee_possible,30
1909,0x1dd4000,0x1dd7fff,6.4078,0.0886,0.0105,124,70,42,12,18,22,315,1669,0,107,14,zone_compressee_possible,30
1910,0x1dd8000,0x1ddbfff,7.1848,0.0206,0.0163,188,111,59,18,6,8,243,1345,0,86,12,zone_compressee_possible,30
1911,0x1ddc000,0x1ddffff,7.4571,0.0053,0.0043,32,13,13,6,28,31,363,1964,0,118,8,table_texte_probable,51
1912,0x1de0000,0x1de3fff,7.1879,0.0697,0.0225,238,181,48,9,9,12,227,1053,0,106,11,zone_compressee_possible,30
1913,0x1de4000,0x1de7fff,6.5466,0.0636,0.0290,360,278,81,1,3,4,548,2626,0,123,27,table_texte_probable,60
1914,0x1de8000,0x1debfff,7.5500,0.0307,0.0018,16,11,5,0,7,12,103,450,0,99,16,zone_indeterminee,10
1915,0x1dec000,0x1deffff,7.6205,0.0281,0.0114,94,62,22,10,23,31,147,630,0,102,7,zone_indeterminee,10
1916,0x1df0000,0x1df3fff,7.5171,0.0205,0.0144,133,107,18,8,8,10,72,301,0,99,11,zone_compressee_possible,30
1917,0x1df4000,0x1df7fff,6.9460,0.0603,0.0191,297,224,59,14,6,8,69,287,0,79,13,zone_compressee_possible,30
1918,0x1df8000,0x1dfbfff,7.5733,0.0394,0.0081,115,78,20,17,4,5,109,481,0,90,9,zone_compressee_possible,30
1919,0x1dfc000,0x1dfffff,7.5695,0.0192,0.0075,50,29,14,7,16,18,350,1505,0,122,13,table_texte_probable,50
1920,0x1e00000,0x1e03fff,7.4179,0.0352,0.0220,185,143,36,6,15,18,153,687,0,108,10,zone_compressee_possible,30
1921,0x1e04000,0x1e07fff,7.6390,0.0157,0.0090,93,54,29,10,9,49,140,593,0,165,17,zone_indeterminee,10
1922,0x1e08000,0x1e0bfff,7.5587,0.0097,0.0039,48,18,22,8,6,8,247,1186,0,92,9,zone_texte_possible,25
1923,0x1e0c000,0x1e0ffff,6.9166,0.0646,0.0209,297,198,77,22,21,23,82,389,0,103,10,zone_compressee_possible,30
1924,0x1e10000,0x1e13fff,7.0419,0.0593,0.0155,121,78,38,5,9,11,227,997,0,107,18,zone_compressee_possible,30
1925,0x1e14000,0x1e17fff,7.6598,0.0203,0.0064,73,52,16,5,6,9,74,320,0,90,18,zone_indeterminee,10
1926,0x1e18000,0x1e1bfff,7.5096,0.0182,0.0057,100,49,38,13,7,10,99,464,0,103,8,zone_compressee_possible,30
1927,0x1e1c000,0x1e1ffff,7.5788,0.0092,0.0066,76,42,26,8,19,26,172,704,0,88,5,zone_indeterminee,10
1928,0x1e20000,0x1e23fff,7.7361,0.0111,0.0115,87,69,14,4,13,19,67,274,0,99,23,zone_indeterminee,10
1929,0x1e24000,0x1e27fff,7.4964,0.0413,0.0118,105,85,15,5,4,8,436,2006,0,100,13,table_texte_probable,54
1930,0x1e28000,0x1e2bfff,7.6680,0.0231,0.0056,101,60,31,10,9,11,66,280,0,96,23,zone_compressee_possible,30
1931,0x1e2c000,0x1e2ffff,7.7610,0.0075,0.0023,14,6,5,3,21,23,314,1328,0,102,9,zone_texte_possible,25
1932,0x1e30000,0x1e33fff,7.7017,0.0090,0.0034,21,10,9,2,16,18,410,1683,0,99,12,table_texte_probable,53
1933,0x1e34000,0x1e37fff,7.6538,0.0049,0.0018,14,6,4,4,3,4,467,2032,0,92,5,table_texte_probable,56
1934,0x1e38000,0x1e3bfff,7.7416,0.0208,0.0060,147,135,6,6,2,6,91,392,0,116,16,zone_compressee_possible,30
1935,0x1e3c000,0x1e3ffff,7.8164,0.0126,0.0049,46,31,13,2,25,27,208,917,0,112,16,zone_texte_possible,25
1936,0x1e40000,0x1e43fff,7.6960,0.0137,0.0051,52,36,12,4,11,16,86,357,0,82,13,zone_indeterminee,10
1937,0x1e44000,0x1e47fff,6.9483,0.0494,0.0166,160,111,42,7,5,9,235,1130,0,104,5,zone_compressee_possible,30
1938,0x1e48000,0x1e4bfff,7.4039,0.0219,0.0085,98,57,27,14,4,6,198,897,0,80,11,zone_indeterminee,10
1939,0x1e4c000,0x1e4ffff,7.7150,0.0145,0.0027,30,13,9,8,22,27,229,984,0,81,18,zone_texte_possible,25
1940,0x1e50000,0x1e53fff,6.7161,0.1155,0.0066,89,40,25,24,184,233,43,180,0,112,10,zone_indeterminee,10
1941,0x1e54000,0x1e57fff,5.8299,0.1704,0.0041,94,55,26,13,212,358,1,8,0,104,15,table_pointeurs_probable,47
1942,0x1e58000,0x1e5bfff,6.0294,0.1748,0.0076,153,77,34,42,205,253,6,48,0,114,6,table_pointeurs_probable,45
1943,0x1e5c000,0x1e5ffff,5.8362,0.2130,0.0100,246,140,49,57,145,188,5,20,0,159,11,zone_compressee_possible,30
1944,0x1e60000,0x1e63fff,5.9528,0.1519,0.0056,112,53,27,32,209,277,2,11,0,119,13,table_pointeurs_probable,45
1945,0x1e64000,0x1e67fff,5.5412,0.2432,0.0053,197,102,65,30,205,411,7,33,0,141,7,table_pointeurs_probable,48
1946,0x1e68000,0x1e6bfff,5.8727,0.1513,0.0062,99,40,31,28,266,388,6,29,0,120,4,table_pointeurs_probable,48
1947,0x1e6c000,0x1e6ffff,5.9939,0.1566,0.0076,149,76,16,57,205,593,4,31,0,136,5,table_pointeurs_probable,52
1948,0x1e70000,0x1e73fff,5.9708,0.1680,0.0062,116,45,39,32,217,322,8,39,0,121,11,table_pointeurs_probable,46
1949,0x1e74000,0x1e77fff,5.6874,0.1788,0.0047,140,74,19,47,450,685,4,17,0,122,12,table_pointeurs_probable,54
1950,0x1e78000,0x1e7bfff,5.8540,0.1631,0.0049,60,31,6,23,229,341,14,58,0,115,9,table_pointeurs_probable,47
1951,0x1e7c000,0x1e7ffff,6.0439,0.1462,0.0058,101,38,29,34,231,358,2,25,0,124,10,table_pointeurs_probable,47
1952,0x1e80000,0x1e83fff,5.9950,0.1688,0.0069,137,66,22,49,216,428,6,24,0,121,11,table_pointeurs_probable,48
1953,0x1e84000,0x1e87fff,5.8356,0.1920,0.0092,123,69,21,33,254,284,2,8,0,139,6,table_pointeurs_probable,46
1954,0x1e88000,0x1e8bfff,5.9409,0.1980,0.0083,158,61,30,67,219,266,8,36,0,143,11,table_pointeurs_probable,45
1955,0x1e8c000,0x1e8ffff,5.9877,0.1666,0.0076,156,72,25,59,227,256,6,24,0,135,15,table_pointeurs_probable,45
1956,0x1e90000,0x1e93fff,5.8844,0.1665,0.0051,177,95,40,42,349,521,2,8,0,152,9,table_pointeurs_probable,50
1957,0x1e94000,0x1e97fff,6.0441,0.1721,0.0059,181,87,28,66,285,418,20,99,0,138,14,table_pointeurs_probable,48
1958,0x1e98000,0x1e9bfff,6.0347,0.1711,0.0086,118,45,26,47,228,307,14,58,0,131,10,table_pointeurs_probable,46
1959,0x1e9c000,0x1e9ffff,5.9624,0.1658,0.0068,194,95,51,48,191,243,14,80,0,161,10,table_pointeurs_probable,45
1960,0x1ea0000,0x1ea3fff,5.7867,0.1466,0.0052,91,41,15,35,191,257,6,26,0,141,11,table_pointeurs_probable,45
1961,0x1ea4000,0x1ea7fff,5.9131,0.1625,0.0090,136,67,25,44,193,301,7,32,0,121,21,table_pointeurs_probable,46
1962,0x1ea8000,0x1eabfff,5.9236,0.1834,0.0072,197,66,45,86,199,299,6,57,0,153,15,table_pointeurs_probable,46
1963,0x1eac000,0x1eaffff,6.0788,0.1745,0.0088,147,73,21,53,229,400,5,25,0,150,13,table_pointeurs_probable,48
1964,0x1eb0000,0x1eb3fff,6.8106,0.1160,0.0114,144,35,90,19,91,109,143,676,0,154,67,zone_compressee_possible,30
1965,0x1eb4000,0x1eb7fff,6.7943,0.1055,0.0111,102,19,55,28,64,561,177,842,0,144,61,table_pointeurs_probable,51
1966,0x1eb8000,0x1ebbfff,6.8444,0.0986,0.0098,75,16,41,18,63,100,129,604,0,130,73,zone_indeterminee,10
1967,0x1ebc000,0x1ebffff,6.9627,0.0975,0.0130,131,19,97,15,48,55,214,1032,0,131,64,zone_compressee_possible,30
1968,0x1ec0000,0x1ec3fff,6.9529,0.0955,0.0119,106,21,67,18,70,85,185,873,0,124,79,zone_compressee_possible,30
1969,0x1ec4000,0x1ec7fff,6.8985,0.0908,0.0103,124,20,76,28,62,113,165,783,0,199,59,zone_compressee_possible,30
1970,0x1ec8000,0x1ecbfff,6.7771,0.0799,0.0087,74,14,46,14,74,175,165,793,0,140,23,zone_indeterminee,10
1971,0x1ecc000,0x1ecffff,6.8432,0.0887,0.0154,117,29,65,23,101,108,172,824,0,141,46,zone_compressee_possible,30
1972,0x1ed0000,0x1ed3fff,6.9260,0.0930,0.0181,137,41,71,25,66,79,172,814,0,163,98,zone_compressee_possible,30
1973,0x1ed4000,0x1ed7fff,6.9429,0.0909,0.0137,123,21,81,21,50,73,214,982,0,137,62,zone_compressee_possible,30
1974,0x1ed8000,0x1edbfff,6.8847,0.1007,0.0147,139,27,90,22,58,91,207,985,0,145,66,zone_compressee_possible,30
1975,0x1edc000,0x1edffff,5.7360,0.1341,0.0101,35,3,25,7,115,126,35,171,0,158,17,zone_indeterminee,10
1976,0x1ee0000,0x1ee3fff,4.8302,0.1448,0.0053,0,0,0,0,38,48,0,0,0,156,9,zone_indeterminee,10
1977,0x1ee4000,0x1ee7fff,4.8998,0.1449,0.0073,0,0,0,0,50,73,0,0,0,154,17,zone_indeterminee,10
1978,0x1ee8000,0x1eebfff,4.8924,0.1447,0.0098,0,0,0,0,72,82,0,0,0,150,8,zone_indeterminee,10
1979,0x1eec000,0x1eeffff,4.8505,0.1439,0.0111,0,0,0,0,147,164,0,0,0,169,9,zone_indeterminee,10
1980,0x1ef0000,0x1ef3fff,4.9639,0.1323,0.0143,0,0,0,0,163,187,0,0,0,155,10,zone_indeterminee,10
1981,0x1ef4000,0x1ef7fff,4.8840,0.1469,0.0111,0,0,0,0,105,107,0,0,0,169,16,zone_indeterminee,10
1982,0x1ef8000,0x1efbfff,4.8719,0.1467,0.0096,0,0,0,0,60,62,0,0,0,187,7,zone_indeterminee,10
1983,0x1efc000,0x1efffff,4.8219,0.1462,0.0111,0,0,0,0,116,141,0,0,0,143,7,zone_indeterminee,10
1984,0x1f00000,0x1f03fff,4.8376,0.1477,0.0109,0,0,0,0,96,115,0,0,0,168,8,zone_indeterminee,10
1985,0x1f04000,0x1f07fff,4.8939,0.1450,0.0117,0,0,0,0,93,101,0,0,0,140,18,zone_indeterminee,10
1986,0x1f08000,0x1f0bfff,4.8815,0.1445,0.0090,1,0,1,0,50,64,0,0,0,145,6,zone_indeterminee,10
1987,0x1f0c000,0x1f0ffff,4.9534,0.1448,0.0107,0,0,0,0,120,126,0,0,0,170,14,zone_indeterminee,10
1988,0x1f10000,0x1f13fff,4.8023,0.1447,0.0119,1,0,1,0,99,128,0,0,0,158,7,zone_indeterminee,10
1989,0x1f14000,0x1f17fff,4.8511,0.1470,0.0095,1,0,1,0,70,136,0,0,0,182,2,zone_indeterminee,10
1990,0x1f18000,0x1f1bfff,4.8119,0.1472,0.0115,0,0,0,0,55,90,0,0,0,220,6,zone_indeterminee,10
1991,0x1f1c000,0x1f1ffff,4.8929,0.1386,0.0047,0,0,0,0,87,104,0,0,0,227,11,zone_indeterminee,10
1992,0x1f20000,0x1f23fff,4.9229,0.1473,0.0109,3,0,0,3,93,118,0,0,0,207,9,zone_indeterminee,10
1993,0x1f24000,0x1f27fff,4.8484,0.1412,0.0108,0,0,0,0,103,108,0,0,0,163,4,zone_indeterminee,10
1994,0x1f28000,0x1f2bfff,4.8939,0.1465,0.0096,0,0,0,0,63,84,0,0,0,209,5,zone_indeterminee,10
1995,0x1f2c000,0x1f2ffff,4.8203,0.1482,0.0115,1,0,1,0,139,389,0,0,0,297,14,table_pointeurs_probable,48
1996,0x1f30000,0x1f33fff,4.8703,0.1470,0.0078,1,0,1,0,68,74,0,0,0,200,8,zone_indeterminee,10
1997,0x1f34000,0x1f37fff,4.8658,0.1456,0.0084,1,0,1,0,36,36,0,0,0,192,5,zone_indeterminee,10
1998,0x1f38000,0x1f3bfff,4.9497,0.1457,0.0077,8,0,4,4,31,32,0,0,0,223,8,zone_indeterminee,10
1999,0x1f3c000,0x1f3ffff,4.7897,0.1479,0.0076,1,0,1,0,96,110,0,0,0,185,17,zone_indeterminee,10
2000,0x1f40000,0x1f43fff,4.8078,0.1456,0.0081,4,1,3,0,46,46,0,0,0,178,7,zone_indeterminee,10
2001,0x1f44000,0x1f47fff,4.8007,0.1531,0.0085,1,0,1,0,36,42,0,0,0,230,6,zone_indeterminee,10
2002,0x1f48000,0x1f4bfff,4.8366,0.1496,0.0077,6,0,5,1,48,49,0,0,0,205,4,zone_indeterminee,10
2003,0x1f4c000,0x1f4ffff,4.8916,0.1374,0.0124,1,0,1,0,204,229,0,0,0,198,6,zone_indeterminee,10
2004,0x1f50000,0x1f53fff,4.8031,0.1502,0.0066,0,0,0,0,59,62,0,0,0,211,5,zone_indeterminee,10
2005,0x1f54000,0x1f57fff,4.7918,0.1514,0.0161,0,0,0,0,248,266,0,0,0,206,8,table_pointeurs_probable,45
2006,0x1f58000,0x1f5bfff,4.9716,0.1462,0.0109,0,0,0,0,63,74,0,0,0,193,6,zone_indeterminee,10
2007,0x1f5c000,0x1f5ffff,4.8131,0.1482,0.0171,0,0,0,0,211,243,0,0,0,211,11,table_pointeurs_probable,45
2008,0x1f60000,0x1f63fff,4.8029,0.1484,0.0124,0,0,0,0,128,153,0,0,0,216,11,zone_indeterminee,10
2009,0x1f64000,0x1f67fff,4.7704,0.1520,0.0128,0,0,0,0,98,117,0,0,0,192,4,zone_indeterminee,10
2010,0x1f68000,0x1f6bfff,4.9130,0.1471,0.0103,0,0,0,0,78,82,0,0,0,196,3,zone_indeterminee,10
2011,0x1f6c000,0x1f6ffff,4.8705,0.1475,0.0112,0,0,0,0,136,154,0,0,0,267,8,zone_indeterminee,10
2012,0x1f70000,0x1f73fff,4.9973,0.1333,0.0123,0,0,0,0,74,76,0,0,0,222,3,zone_indeterminee,10
2013,0x1f74000,0x1f77fff,4.9587,0.1486,0.0087,0,0,0,0,105,113,0,0,0,191,6,zone_indeterminee,10
2014,0x1f78000,0x1f7bfff,4.8329,0.1422,0.0093,0,0,0,0,64,69,0,0,0,213,4,zone_indeterminee,10
2015,0x1f7c000,0x1f7ffff,4.8818,0.1469,0.0117,0,0,0,0,145,167,0,0,0,201,3,zone_indeterminee,10
2016,0x1f80000,0x1f83fff,4.9103,0.1454,0.0140,0,0,0,0,158,180,0,0,0,207,3,zone_indeterminee,10
2017,0x1f84000,0x1f87fff,4.8742,0.1445,0.0123,0,0,0,0,104,119,0,0,0,202,2,zone_indeterminee,10
2018,0x1f88000,0x1f8bfff,4.7181,0.1434,0.0104,0,0,0,0,124,134,0,0,0,171,7,zone_indeterminee,10
2019,0x1f8c000,0x1f8ffff,4.8300,0.1415,0.0085,0,0,0,0,140,158,0,0,0,238,4,zone_indeterminee,10
2020,0x1f90000,0x1f93fff,4.8627,0.1315,0.0075,0,0,0,0,96,119,0,0,0,235,4,zone_indeterminee,10
2021,0x1f94000,0x1f97fff,5.1690,0.1232,0.0201,20,0,0,20,242,398,0,0,0,221,3,table_pointeurs_probable,48
2022,0x1f98000,0x1f9bfff,5.2063,0.1462,0.0253,0,0,0,0,331,345,0,0,0,218,8,table_pointeurs_probable,47
2023,0x1f9c000,0x1f9ffff,4.8096,0.1526,0.0091,0,0,0,0,122,150,0,0,0,209,4,zone_indeterminee,10
2024,0x1fa0000,0x1fa3fff,4.8182,0.1499,0.0090,0,0,0,0,88,111,0,0,0,199,2,zone_indeterminee,10
2025,0x1fa4000,0x1fa7fff,4.8046,0.1455,0.0099,0,0,0,0,62,73,0,0,0,196,8,zone_indeterminee,10
2026,0x1fa8000,0x1fabfff,4.7977,0.1481,0.0116,0,0,0,0,82,90,0,0,0,194,4,zone_indeterminee,10
2027,0x1fac000,0x1faffff,4.8100,0.1437,0.0098,0,0,0,0,193,247,0,0,0,290,5,table_pointeurs_probable,45
2028,0x1fb0000,0x1fb3fff,5.8466,0.2541,0.0104,187,92,50,45,258,388,8,58,0,234,9,table_pointeurs_probable,48
2029,0x1fb4000,0x1fb7fff,5.6740,0.2575,0.0935,215,144,43,28,228,524,62,473,0,205,4,table_pointeurs_probable,50
2030,0x1fb8000,0x1fbbfff,6.8992,0.1074,0.0140,233,125,69,39,65,98,165,870,0,234,16,zone_compressee_possible,30
2031,0x1fbc000,0x1fbffff,7.3137,0.0790,0.0068,174,89,54,31,110,125,226,1140,0,240,7,zone_compressee_possible,30
2032,0x1fc0000,0x1fc3fff,6.9319,0.1265,0.0138,317,208,78,31,99,112,203,1016,0,229,16,zone_compressee_possible,30
2033,0x1fc4000,0x1fc7fff,6.8169,0.0941,0.0087,624,478,94,52,42,42,317,1722,0,220,20,zone_compressee_possible,30
2034,0x1fc8000,0x1fcbfff,6.6951,0.0891,0.0319,534,361,99,74,67,75,171,889,0,192,13,zone_compressee_possible,30
2035,0x1fcc000,0x1fcffff,6.7669,0.0669,0.0386,281,132,93,56,144,158,209,1041,0,191,74,zone_compressee_possible,30
2036,0x1fd0000,0x1fd3fff,6.3374,0.1047,0.0316,238,132,59,47,81,88,174,2614,0,217,29,zone_compressee_possible,30
2037,0x1fd4000,0x1fd7fff,7.0650,0.0439,0.0389,288,76,158,54,16,20,247,1495,0,218,29,zone_compressee_possible,30
2038,0x1fd8000,0x1fdbfff,7.0790,0.0771,0.0265,230,137,61,32,39,40,186,914,0,207,23,zone_compressee_possible,30
2039,0x1fdc000,0x1fdffff,6.4838,0.0966,0.0126,361,223,86,52,183,215,296,1588,0,193,34,zone_compressee_possible,30
2040,0x1fe0000,0x1fe3fff,6.4040,0.0883,0.0126,326,199,75,52,97,142,301,1590,0,226,45,zone_compressee_possible,30
2041,0x1fe4000,0x1fe7fff,5.0079,0.1248,0.3157,196,126,36,34,99,111,182,1012,0,227,47,zone_compressee_possible,30
2042,0x1fe8000,0x1febfff,-0.0000,0.0000,1.0000,0,0,0,0,4,4,0,0,0,143,11,padding_probable,85
2043,0x1fec000,0x1feffff,-0.0000,0.0000,1.0000,0,0,0,0,151,183,0,0,0,129,4,padding_probable,85
2044,0x1ff0000,0x1ff3fff,-0.0000,0.0000,1.0000,0,0,0,0,59,74,0,0,0,162,7,padding_probable,85
2045,0x1ff4000,0x1ff7fff,-0.0000,0.0000,1.0000,0,0,0,0,7,7,0,0,0,116,9,padding_probable,85
2046,0x1ff8000,0x1ffbfff,-0.0000,0.0000,1.0000,0,0,0,0,6,6,0,0,0,112,7,padding_probable,85
2047,0x1ffc000,0x1ffffff,-0.0000,0.0000,1.0000,0,0,0,0,164,195,0,0,0,134,12,padding_probable,85
